gun,1160
school,662
trump,556
people,532
shooting,489
police,482
year,437
president,372
high,360
students,315
march,314
last,312
officers,307
state,305
control,299
could,275
washington,265
york,262
old,260
bill,259
house,254
times,243
percent,238
florida,233
many,231
violence,231
man,225
killed,218
time,218
week,218
city,217
get,216
say,214
first,210
says,210
shot,209
years,208
p,205
white,202
day,200
officer,200
republican,197
parkland,196
national,194
guns,191
states,189
make,186
young,186
american,185
saturday,184
public,178
support,177
including,175
second,171
even,170
black,166
law,165
student,165
us,164
told,163
tuesday,163
country,161
wednesday,161
clark,160
democrats,159
called,158
since,158
want,157
department,155
laws,154
may,154
trade,154
federal,152
see,151
office,148
sacramento,148
family,147
lives,147
court,145
group,145
world,145
another,144
way,144
former,142
life,142
political,142
c,141
made,141
south,141
congress,140
million,140
month,140
senate,140
republicans,136
three,135
amendment,134
news,134
attorney,133
back,133
douglas,133
spending,133
billion,132
morning,132
according,131
government,129
legislation,129
right,129
facebook,128
video,128
stoneman,127
found,126
election,125
left,125
much,125
united,125
rights,124
weapons,123
think,121
children,120
death,120
know,120
voters,120
sheriff,118
democratic,117
around,116
change,116
several,116
thursday,116
whether,116
show,112
recent,111
used,111
across,110
county,110
ms,110
vote,110
chief,109
going,109
n,109
thousands,108
today,107
help,106
john,106
take,106
friday,105
justice,105
never,105
security,105
background,104
later,104
led,104
rally,103
company,102
fired,102
leaders,102
long,102
shootings,101
case,100
died,100
go,100
night,100
campaign,99
days,99
home,99
mass,99
party,99
well,99
great,98
officials,98
sign,98
america,96
monday,96
part,96
work,96
general,95
power,95
women,95
safety,94
firearms,93
others,93
statement,93
business,92
every,92
rollins,91
saying,91
took,91
might,90
outside,90
r,90
released,90
use,90
hundreds,89
movement,89
good,88
lawmakers,88
need,88
protests,88
sterling,87
among,86
district,86
history,86
nearly,86
next,86
head,85
held,85
investigation,85
marjory,85
measures,85
point,85
social,85
action,84
bank,84
woman,84
center,83
end,83
less,83
members,83
paul,83
schools,83
wall,83
already,82
companies,82
governor,81
authorities,80
came,80
four,80
sales,80
tax,80
california,79
china,79
donald,79
find,79
known,79
tariffs,79
attack,78
car,78
deal,78
keep,78
data,77
enough,77
look,77
team,77
war,77
away,76
believe,76
budget,76
charges,76
issue,76
media,76
money,76
prosecutors,76
fire,75
north,75
come,74
congressional,74
defense,74
fight,74
least,74
something,74
twitter,74
report,73
announced,72
hours,72
seen,72
sunday,72
asked,71
briefing,71
debate,71
health,71
helped,71
issues,71
korea,71
stop,71
wrote,71
judge,70
story,70
big,69
checks,69
far,69
local,69
military,69
set,69
trial,69
trying,69
five,68
teachers,68
body,67
face,67
force,67
information,67
put,67
call,66
com,66
decision,66
leader,66
system,66
become,65
important,65
little,65
plan,65
restrictions,65
shows,65
street,65
top,65
weekend,65
age,64
criminal,64
fla,64
investigators,64
legal,64
minutes,64
nation,64
place,64
response,64
without,64
behind,63
conditt,63
early,63
making,63
self,63
expected,62
measure,62
protest,62
research,62
americans,61
clear,61
father,61
groups,61
points,61
protesters,61
smith,61
assault,60
conservative,60
half,60
los,60
past,60
rifle,60
someone,60
suspect,60
taken,60
yet,60
angeles,59
charged,59
email,59
free,59
funding,59
read,59
though,59
threat,59
check,58
earlier,58
move,58
policy,58
senator,58
stocks,58
went,58
austin,57
bolton,57
border,57
elections,57
hit,57
latest,57
salman,57
accused,56
dr,56
fox,56
maryland,56
must,56
scott,56
university,56
cities,55
deputy,55
different,55
fund,55
global,55
got,55
often,55
open,55
passed,55
capital,54
dead,54
evening,54
final,54
likely,54
major,54
mark,54
men,54
months,54
press,54
stock,54
best,53
give,53
include,53
kids,53
late,53
number,53
reporting,53
run,53
taking,53
began,52
co,52
driving,52
friends,52
heard,52
massacre,52
mother,52
name,52
post,52
provide,52
saw,52
third,52
whose,52
activists,51
associated,51
enforcement,51
hard,51
instead,51
live,51
rallies,51
supporters,51
using,51
added,50
administration,50
brown,50
democrat,50
director,50
industry,50
lot,50
murder,50
possible,50
shooter,50
supreme,50
th,50
toward,50
ban,49
brother,49
buy,49
community,49
done,49
lead,49
marches,49
meeting,49
politics,49
st,49
steel,49
survivors,49
vegas,49
working,49
efforts,48
european,48
fatal,48
husband,48
mayor,48
near,48
november,48
question,48
vehicle,48
act,47
association,47
civil,47
e,47
events,47
fall,47
feel,47
interview,47
king,47
las,47
looking,47
noor,47
order,47
pass,47
planned,47
plans,47
reports,47
russian,47
side,47
sugar,47
tech,47
trillion,47
west,47
along,46
anti,46
better,46
class,46
executive,46
hope,46
parents,46
recently,46
reporters,46
respond,46
sense,46
stevens,46
things,46
ago,45
always,45
based,45
coming,45
cruz,45
demonstrators,45
families,45
hands,45
hospital,45
majority,45
mary,45
miles,45
page,45
series,45
small,45
start,45
together,45
weapon,45
allow,44
arrested,44
art,44
bump,44
comment,44
front,44
full,44
hold,44
increase,44
jones,44
kind,44
prevent,44
remington,44
steps,44
unarmed,44
access,43
additional,43
almost,43
area,43
chinese,43
current,43
event,43
gunman,43
idea,43
largest,43
line,43
protect,43
real,43
running,43
signs,43
sometimes,43
town,43
armed,42
building,42
comes,42
domestic,42
ever,42
fatally,42
investors,42
lake,42
leading,42
really,42
robert,42
thought,42
wanted,42
adults,41
carry,41
church,41
common,41
crowd,41
demand,41
everyone,41
inside,41
large,41
lost,41
market,41
special,41
takes,41
technology,41
weeks,41
biggest,40
calling,40
calls,40
college,40
ended,40
financial,40
firearm,40
footage,40
immediately,40
let,40
liberal,40
nationwide,40
problem,40
spoke,40
staff,40
talk,40
turned,40
uber,40
willey,40
became,39
care,39
cellphone,39
changes,39
charge,39
chicago,39
evidence,39
faces,39
felt,39
gop,39
happened,39
includes,39
leave,39
matter,39
michael,39
organization,39
organizers,39
owners,39
process,39
raised,39
risk,39
shares,39
thomas,39
union,39
april,38
break,38
effort,38
funds,38
however,38
involved,38
jaelynn,38
lawyers,38
mills,38
moment,38
network,38
questions,38
reason,38
reported,38
stephon,38
term,38
victims,38
within,38
zuckerberg,38
agreement,37
anything,37
described,37
districts,37
feb,37
firm,37
holding,37
jury,37
kansas,37
mateen,37
nothing,37
professor,37
proposed,37
reuters,37
rouge,37
sell,37
senior,37
significant,37
similar,37
soon,37
spent,37
stay,37
tv,37
actions,36
backyard,36
baton,36
board,36
candidates,36
capitol,36
cars,36
david,36
deadly,36
declined,36
filed,36
game,36
girl,36
gonzalez,36
handgun,36
included,36
killing,36
markets,36
message,36
park,36
person,36
quickly,36
return,36
san,36
seemed,36
six,36
stricter,36
talking,36
thing,36
turn,36
wake,36
breaking,35
bring,35
fear,35
following,35
getting,35
helping,35
hour,35
immigration,35
pennsylvania,35
private,35
relationship,35
result,35
showed,35
signed,35
started,35
stories,35
tell,35
voting,35
andrew,34
bankruptcy,34
brought,34
clients,34
customers,34
demonstrations,34
failed,34
ground,34
hearing,34
level,34
ohio,34
online,34
opinion,34
potential,34
race,34
representative,34
selling,34
single,34
streets,34
texas,34
wants,34
advocates,33
alone,33
ask,33
automatic,33
citigroup,33
classmates,33
close,33
committee,33
editing,33
especially,33
fbi,33
future,33
gaskill,33
job,33
knew,33
li,33
nyt,33
policies,33
price,33
programs,33
published,33
secretary,33
seeking,33
stand,33
tried,33
able,32
arrest,32
carolina,32
contributed,32
countries,32
economic,32
eu,32
favor,32
given,32
jersey,32
k,32
lamb,32
museum,32
needed,32
personal,32
play,32
popular,32
raise,32
raja,32
repeal,32
sexual,32
strong,32
try,32
v,32
win,32
wrong,32
youth,32
appear,31
banks,31
bloomberg,31
boy,31
camera,31
continue,31
era,31
example,31
gathered,31
gave,31
gov,31
lawsuit,31
letter,31
met,31
needs,31
nightclub,31
nytimes,31
pay,31
politicians,31
poll,31
reach,31
review,31
store,31
theater,31
voice,31
word,31
wounded,31
address,30
although,30
amid,30
beijing,30
cambridge,30
cuts,30
hill,30
hopes,30
international,30
investment,30
j,30
makes,30
phone,30
pressure,30
program,30
provided,30
raising,30
receive,30
reform,30
rules,30
salamoni,30
talks,30
views,30
voter,30
words,30
adding,29
allowed,29
ap,29
appeared,29
attention,29
certain,29
conference,29
council,29
declared,29
deputies,29
elected,29
energy,29
follow,29
foreign,29
helicopter,29
hotel,29
key,29
kobach,29
lawyer,29
midterm,29
obama,29
organized,29
push,29
remain,29
ryan,29
scene,29
speak,29
victory,29
worth,29
abortion,28
activist,28
actually,28
agreed,28
ahead,28
anyone,28
arizona,28
cameras,28
citi,28
commission,28
considering,28
continued,28
damond,28
daughter,28
decades,28
fact,28
friend,28
h,28
hand,28
influence,28
july,28
kill,28
meet,28
music,28
primary,28
project,28
pulled,28
responding,28
rubio,28
russia,28
seat,28
ship,28
speech,28
spokesman,28
spokeswoman,28
struck,28
style,28
writes,28
adviser,27
analytica,27
asian,27
australia,27
baltimore,27
begin,27
bills,27
changed,27
chocolate,27
cut,27
ed,27
immigrants,27
kim,27
landry,27
legislative,27
longer,27
love,27
metal,27
mexico,27
official,27
opened,27
previous,27
promised,27
range,27
records,27
remains,27
role,27
sought,27
supported,27
sure,27
teacher,27
ways,27
activism,26
allies,26
amazon,26
article,26
average,26
bad,26
believed,26
beyond,26
britain,26
candidate,26
carried,26
century,26
chairman,26
credit,26
difficult,26
eight,26
employees,26
experience,26
fell,26
film,26
food,26
forward,26
generation,26
guilty,26
happen,26
higher,26
human,26
largely,26
list,26
lower,26
marched,26
maybe,26
owner,26
posted,26
privacy,26
record,26
redfield,26
responded,26
sent,26
short,26
speaking,26
step,26
stephen,26
surveillance,26
teenagers,26
training,26
ultimately,26
wife,26
window,26
xxxtentacion,26
aides,25
approved,25
attended,25
cannot,25
closed,25
communities,25
confirmed,25
constitution,25
critics,25
culture,25
deaths,25
drew,25
driver,25
editor,25
fans,25
finally,25
huge,25
independent,25
ine,25
island,25
ix,25
jeff,25
joined,25
main,25
martin,25
michigan,25
minute,25
nra,25
ordered,25
position,25
problems,25
profile,25
publicly,25
regulations,25
residents,25
resource,25
room,25
scheduled,25
seconds,25
seem,25
service,25
spend,25
understand,25
videos,25
writer,25
afternoon,24
allen,24
arms,24
australian,24
backed,24
barry,24
broke,24
capacity,24
central,24
cover,24
elsewhere,24
expect,24
february,24
hear,24
host,24
identified,24
image,24
light,24
london,24
low,24
means,24
mr,24
occurred,24
outdoor,24
paddock,24
period,24
peter,24
population,24
presidential,24
prison,24
region,24
rule,24
seems,24
services,24
shoot,24
silent,24
sources,24
speaker,24
television,24
universal,24
view,24
worked,24
workers,24
answer,23
appears,23
arm,23
battle,23
brooklyn,23
comments,23
concerns,23
considered,23
despite,23
devices,23
effect,23
europe,23
focus,23
forced,23
grew,23
growing,23
interest,23
jurors,23
kennedy,23
legally,23
living,23
makers,23
member,23
minority,23
mississippi,23
montgomery,23
nevada,23
nikolas,23
nine,23
opposition,23
paid,23
per,23
pro,23
prompted,23
pulse,23
reached,23
recording,23
related,23
retailers,23
retired,23
said,23
seed,23
sister,23
southern,23
stage,23
stopped,23
study,23
tens,23
veteran,23
wsj,23
aimed,22
aluminum,22
annual,22
artists,22
asking,22
atlanta,22
attorneys,22
bipartisan,22
broad,22
build,22
conservatives,22
daily,22
degree,22
details,22
disease,22
exchange,22
grants,22
impact,22
injured,22
internet,22
iowa,22
japan,22
l,22
massive,22
moved,22
negotiations,22
obtained,22
placed,22
powerful,22
prince,22
protection,22
pushing,22
reading,22
reality,22
require,22
required,22
shots,22
shutdown,22
smaller,22
tweeted,22
type,22
vermont,22
violent,22
windows,22
agencies,21
amount,21
ar,21
arena,21
arming,21
boys,21
challenge,21
child,21
convicted,21
created,21
criticized,21
cuomo,21
decided,21
else,21
entire,21
everytown,21
fair,21
firms,21
g,21
hall,21
hip,21
hook,21
http,21
identify,21
ii,21
increases,21
initial,21
inspired,21
january,21
magazine,21
maker,21
marchers,21
marching,21
meanwhile,21
moderate,21
modest,21
murphy,21
noted,21
offered,21
particularly,21
polls,21
poor,21
products,21
prominent,21
proposal,21
providing,21
received,21
red,21
release,21
remaining,21
responsible,21
rest,21
results,21
rifles,21
rural,21
safe,21
serious,21
share,21
silence,21
spread,21
tesla,21
test,21
thinking,21
ties,21
trip,21
users,21
vehicles,21
vice,21
website,21
wilmington,21
ability,20
account,20
anger,20
apple,20
arrived,20
b,20
bond,20
born,20
box,20
broward,20
businesses,20
buyers,20
calif,20
carrying,20
cases,20
chris,20
confrontation,20
crime,20
crisis,20
crump,20
de,20
decisions,20
door,20
education,20
everything,20
extreme,20
france,20
freedom,20
goes,20
google,20
improve,20
increasingly,20
lack,20
leaving,20
limited,20
looks,20
louisiana,20
medical,20
minister,20
neighborhood,20
ones,20
ownership,20
pacific,20
passage,20
played,20
proposals,20
prosecutor,20
provides,20
ready,20
reduce,20
refused,20
regulation,20
relatives,20
request,20
ruled,20
sale,20
sandy,20
scandal,20
sen,20
send,20
seven,20
sides,20
size,20
son,20
specific,20
spring,20
stood,20
struggle,20
suggested,20
testing,20
threats,20
tips,20
watching,20
wearing,20
wide,20
works,20
written,20
aids,19
air,19
argument,19
assembly,19
attacks,19
avoid,19
barnes,19
cameron,19
campus,19
cast,19
character,19
create,19
dangerous,19
dark,19
democracy,19
determined,19
due,19
existing,19
experts,19
expressed,19
f,19
finding,19
fix,19
george,19
giving,19
harassment,19
hop,19
infrastructure,19
jackson,19
kasky,19
kentucky,19
killings,19
loyola,19
magazines,19
mental,19
middle,19
nestle,19
opening,19
original,19
package,19
perhaps,19
purchases,19
pushed,19
rather,19
register,19
revenue,19
rising,19
road,19
salt,19
seeded,19
simply,19
sold,19
standing,19
star,19
struggling,19
suggest,19
throughout,19
true,19
visit,19
wing,19
approach,18
approval,18
argued,18
beginning,18
behavior,18
brands,18
british,18
broadway,18
buying,18
certainly,18
citizens,18
cold,18
colleagues,18
columbia,18
conduct,18
consider,18
coverage,18
difference,18
documents,18
dozen,18
dozens,18
either,18
emerged,18
eyes,18
fed,18
feels,18
fellow,18
firing,18
floor,18
gained,18
gang,18
giffords,18
goods,18
harrity,18
houston,18
incident,18
join,18
juneau,18
korean,18
lose,18
machine,18
manufacturers,18
millions,18
model,18
moments,18
movie,18
moving,18
numbers,18
october,18
older,18
op,18
organizations,18
orlando,18
practices,18
prime,18
putin,18
ran,18
registration,18
remember,18
rose,18
seek,18
sessions,18
steinberg,18
steve,18
survived,18
tensions,18
text,18
trading,18
urged,18
virginia,18
voted,18
votes,18
western,18
worst,18
writing,18
actress,17
addition,17
agenda,17
alex,17
allowing,17
announcement,17
attempted,17
base,17
bought,17
cause,17
clinton,17
closely,17
condition,17
conversation,17
counsel,17
critic,17
critical,17
danger,17
daniels,17
date,17
deadline,17
december,17
decide,17
determine,17
discuss,17
dropped,17
drugs,17
emma,17
filled,17
flag,17
focused,17
founded,17
founder,17
francisco,17
germany,17
grand,17
growth,17
gunshot,17
heritage,17
hogg,17
housing,17
hurt,17
impose,17
index,17
jr,17
june,17
junior,17
keeping,17
learn,17
looked,17
manhattan,17
menendez,17
midnight,17
mostly,17
names,17
nearby,17
note,17
opioid,17
permit,17
places,17
planning,17
politically,17
previously,17
rejected,17
rep,17
returned,17
rick,17
rush,17
semi,17
sentence,17
separate,17
separately,17
site,17
situation,17
starting,17
suv,17
tears,17
teenager,17
tighter,17
tweet,17
unclear,17
updated,17
veto,17
vietnam,17
waiting,17
walking,17
watch,17
wore,17
wound,17
acting,16
add,16
agree,16
analyst,16
anthony,16
arguments,16
army,16
banning,16
blood,16
bomb,16
built,16
bullet,16
bullets,16
bureau,16
campaigns,16
captured,16
challenges,16
chance,16
chanted,16
choice,16
citizen,16
claimed,16
classroom,16
classrooms,16
closing,16
cnn,16
columbine,16
connecticut,16
consumers,16
continues,16
counter,16
cultural,16
daniel,16
debt,16
demanding,16
denver,16
deutsche,16
easier,16
easy,16
entered,16
exactly,16
fast,16
fears,16
frustration,16
gelia,16
goal,16
gonz√°lez,16
gunfire,16
happening,16
institute,16
insurance,16
issued,16
james,16
johnson,16
kings,16
legislature,16
mike,16
moloney,16
named,16
normal,16
owned,16
performance,16
permanent,16
playing,16
pointed,16
praised,16
property,16
questioned,16
racial,16
relations,16
reporter,16
representatives,16
schumer,16
seats,16
september,16
shared,16
sound,16
source,16
stewart,16
straight,16
sweeping,16
tactics,16
teen,16
teens,16
total,16
tournament,16
traffic,16
unit,16
volunteer,16
warned,16
watched,16
water,16
williams,16
willing,16
www,16
zachary,16
active,15
actor,15
ads,15
agency,15
alton,15
approached,15
attend,15
authority,15
available,15
blackrock,15
boston,15
brothers,15
catch,15
chase,15
contact,15
course,15
desmond,15
discussed,15
dispatcher,15
duty,15
economy,15
encounter,15
engaged,15
equity,15
eventually,15
everybody,15
faced,15
false,15
finance,15
followed,15
funeral,15
gallery,15
hahn,15
illegally,15
individual,15
interviewed,15
interviews,15
kept,15
llakatura,15
miami,15
minimum,15
modern,15
movements,15
moves,15
neighbor,15
nomination,15
nuclear,15
offer,15
opportunity,15
overall,15
passing,15
picture,15
piece,15
pieces,15
please,15
presidency,15
privilege,15
purchase,15
putting,15
rare,15
rarely,15
rate,15
rauner,15
remained,15
represent,15
round,15
safer,15
search,15
serve,15
sex,15
shannon,15
shouted,15
society,15
solution,15
space,15
sparked,15
stance,15
statements,15
stormy,15
suburbs,15
success,15
supports,15
tabakov,15
taiwan,15
turnout,15
unlike,15
value,15
various,15
version,15
w,15
wells,15
advanced,14
affairs,14
affected,14
african,14
agents,14
ammunition,14
attacked,14
beach,14
bear,14
broader,14
census,14
challenged,14
citizenship,14
claims,14
columbus,14
comedy,14
committed,14
competitive,14
concealed,14
contemporary,14
corbat,14
cost,14
criticism,14
crucial,14
decade,14
directly,14
division,14
dollars,14
dropbox,14
england,14
ensure,14
exemption,14
expand,14
familiar,14
fargo,14
feared,14
fewer,14
fighting,14
forces,14
generally,14
harm,14
heavily,14
hiding,14
highest,14
hyde,14
imports,14
individuals,14
involving,14
jonathan,14
language,14
larger,14
leg,14
loans,14
longtime,14
loss,14
macron,14
meetings,14
messages,14
missouri,14
moscow,14
new,14
non,14
object,14
offering,14
opposed,14
orders,14
palm,14
parties,14
perfect,14
pick,14
players,14
positions,14
prepared,14
presence,14
protections,14
provision,14
provisions,14
pull,14
quiet,14
reasonable,14
recipe,14
responsibility,14
revolution,14
richard,14
rock,14
ruling,14
science,14
shown,14
song,14
stars,14
stronger,14
studies,14
subject,14
systems,14
target,14
telling,14
testimony,14
thinks,14
threatened,14
tough,14
tougher,14
traditional,14
tragedy,14
transparency,14
user,14
uss,14
walk,14
walked,14
walkout,14
walmart,14
winning,14
yes,14
younger,14
accept,13
advocacy,13
ages,13
alaska,13
angry,13
answers,13
appearance,13
audience,13
banking,13
barack,13
bay,13
becoming,13
bee,13
ben,13
bit,13
block,13
blue,13
bombs,13
buari,13
bush,13
cash,13
chain,13
chip,13
christopher,13
client,13
climate,13
closer,13
complete,13
concern,13
concerned,13
concert,13
constitutional,13
convinced,13
corner,13
crowds,13
cuban,13
dan,13
deep,13
deeply,13
defend,13
demands,13
designed,13
detectors,13
disciplinary,13
doors,13
downtown,13
drawn,13
drug,13
eastern,13
emergency,13
emotional,13
enact,13
enacted,13
eric,13
essay,13
facing,13
favorite,13
feeling,13
female,13
fentanyl,13
figure,13
filing,13
french,13
fully,13
galleries,13
gateway,13
gay,13
georgia,13
giant,13
green,13
greene,13
hunting,13
ideas,13
images,13
immigrant,13
imposed,13
investigating,13
kilometers,13
knows,13
launched,13
lethal,13
limit,13
mall,13
manslaughter,13
minneapolis,13
montana,13
necessary,13
nytoday,13
omar,13
oppose,13
organize,13
organizing,13
partner,13
partners,13
pose,13
prices,13
production,13
progressive,13
proof,13
prospect,13
pursue,13
queens,13
races,13
rates,13
readers,13
regularly,13
repeatedly,13
rise,13
sarah,13
sector,13
setting,13
sit,13
speakers,13
supporting,13
talked,13
threatening,13
trained,13
understanding,13
upset,13
veterans,13
wave,13
welcome,13
witnesses,13
yesterday,13
acted,12
ad,12
adult,12
allegedly,12
allows,12
apart,12
apply,12
appointed,12
appointment,12
areas,12
asia,12
assistant,12
attending,12
autonomous,12
avenue,12
banned,12
blocked,12
blocking,12
bolster,12
brief,12
browse,12
cards,12
charles,12
citing,12
claim,12
colorado,12
confronted,12
content,12
conversations,12
cook,12
corporate,12
correct,12
crane,12
curb,12
deals,12
deportation,12
directed,12
discussions,12
dominated,12
doubt,12
dow,12
driven,12
drop,12
dudley,12
eligible,12
encourage,12
ends,12
engage,12
english,12
enthusiasm,12
epidemic,12
estimated,12
exhibition,12
extended,12
farm,12
feature,12
festival,12
field,12
finished,12
foot,12
frustrated,12
gain,12
gives,12
golden,12
grain,12
grandmother,12
grandparents,12
grief,12
happens,12
honor,12
immediate,12
impossible,12
inc,12
income,12
increasing,12
indeed,12
intelligence,12
introduced,12
japanese,12
jay,12
joining,12
jpmorgan,12
justified,12
learned,12
limits,12
listen,12
lived,12
louis,12
management,12
material,12
matthew,12
motivated,12
native,12
nature,12
ncaa,12
newsletter,12
newsletters,12
noting,12
oil,12
onto,12
operations,12
options,12
pages,12
parts,12
peers,12
pop,12
possibility,12
possibly,12
present,12
prevention,12
priorities,12
puerto,12
recalled,12
represented,12
roots,12
scientists,12
seeing,12
sees,12
sending,12
sentenced,12
served,12
shinto,12
shopping,12
shut,12
skeptical,12
snow,12
songs,12
speeches,12
spot,12
square,12
stake,12
status,12
stevante,12
striking,12
suggests,12
sullivan,12
surprise,12
survivor,12
swift,12
teenage,12
tells,12
testify,12
tests,12
tim,12
travel,12
troopers,12
via,12
visitors,12
volunteers,12
vowed,12
warner,12
waste,12
weeknights,12
whole,12
widely,12
worried,12
abuse,11
acknowledged,11
administrative,11
advisers,11
advocate,11
affair,11
alleged,11
anniversary,11
appeal,11
arts,11
audio,11
barriers,11
bars,11
beat,11
biden,11
billionaire,11
blog,11
boost,11
canada,11
card,11
chose,11
chuck,11
classes,11
classmate,11
clearly,11
clifford,11
compromise,11
congressman,11
controlled,11
couple,11
crack,11
crash,11
creditors,11
darrell,11
definitely,11
delivered,11
demanded,11
denied,11
device,11
drive,11
duties,11
effective,11
elementary,11
ending,11
enter,11
entertainment,11
entrance,11
environmental,11
expects,11
expensive,11
faith,11
farmers,11
felony,11
figures,11
finish,11
fish,11
focusing,11
fought,11
fourth,11
fraud,11
freeman,11
fulfilling,11
gets,11
girlfriend,11
glover,11
gone,11
guess,11
hamilton,11
harder,11
hey,11
hollywood,11
hosts,11
ill,11
illinois,11
improvements,11
inbox,11
indicated,11
indictment,11
industrial,11
intended,11
iraq,11
jim,11
joe,11
joseph,11
kraft,11
la,11
land,11
larry,11
leads,11
legislators,11
liberals,11
library,11
like,11
lipinski,11
lobby,11
maine,11
match,11
meaning,11
miccarelli,11
mid,11
miss,11
mueller,11
murdered,11
naacp,11
nations,11
negotiate,11
newspaper,11
norc,11
northern,11
one,11
organizer,11
painting,11
panel,11
participants,11
patrol,11
photographer,11
pittsburgh,11
platform,11
pleaded,11
pointing,11
potentially,11
practice,11
priority,11
progress,11
prove,11
purchasing,11
puzzles,11
q,11
rallied,11
reaction,11
recorded,11
referred,11
relatively,11
requires,11
resigned,11
resistance,11
restaurant,11
rich,11
river,11
roseanne,11
runcie,11
saudi,11
save,11
screaming,11
sea,11
sears,11
seriously,11
shame,11
simple,11
snapshot,11
sort,11
split,11
steven,11
strategy,11
suburban,11
succeed,11
suddenly,11
surge,11
tariff,11
taylor,11
teams,11
thoughts,11
train,11
treatment,11
turning,11
upcoming,11
upon,11
victim,11
virtually,11
vladimir,11
wins,11
witness,11
