officer,police,887
police,officer,792
department,police,753
police,department,730
cases,police,701
police,cases,606
officers,police,603
board,police,596
police,false,564
police,board,508
police,officers,459
police,statement,413
false,police,402
statement,police,345
case,police,281
police,detective,249
civilian,police,248
students,department,243
review,police,241
times,police,238
police,according,228
police,case,218
police,times,217
years,police,217
lying,police,209
testimony,police,207
officer,shooting,200
made,police,194
police,statements,184
police,internal,183
school,department,183
police,richardson,177
judge,police,169
detective,police,165
students,ms,157
noor,police,154
police,ms,152
found,police,149
force,police,148
police,house,148
police,review,148
problem,police,145
another,police,144
last,police,144
year,police,144
ms,police,143
students,devos,141
police,legal,140
internal,police,139
statements,police,138
recent,police,137
police,warrant,136
year,department,136
disciplinary,police,134
police,investigators,134
mrs,trump,132
police,charges,126
police,making,125
damond,police,124
police,later,124
police,shooting,124
often,police,120
police,civilian,120
number,police,119
trump,president,119
police,man,118
byrne,police,116
york,police,116
police,appear,115
information,police,114
police,accused,114
according,police,113
police,force,113
police,lying,113
little,police,112
police,noor,112
police,year,112
shooting,officer,112
truth,police,112
police,information,111
shooting,police,111
police,dimitrakakis,110
police,search,110
many,police,109
police,suspect,109
promoted,police,109
students,budget,109
students,office,109
bronx,police,108
noor,shooting,108
police,damond,108
trump,mrs,108
credible,police,107
investigation,police,107
official,police,107
making,police,105
city,police,104
police,years,104
department,year,103
minneapolis,police,102
policy,police,102
police,last,101
police,records,101
school,ms,101
able,police,98
bureau,police,98
involve,police,98
police,many,97
police,disciplinary,96
trump,week,96
lesser,police,95
police,whether,95
shooting,ms,95
arrest,police,94
police,cited,94
school,devos,94
lie,police,93
officer,year,93
legal,police,92
police,lie,91
discipline,police,90
police,christopher,90
police,green,90
video,police,90
gun,police,89
misconduct,police,89
police,color,89
police,lesser,89
police,shirt,89
appears,police,88
investigators,police,88
damond,shooting,87
police,misconduct,87
police,outcome,87
police,seemed,87
police,failing,86
police,involve,86
police,video,86
police,york,86
affairs,police,85
much,police,85
police,minor,85
action,police,84
police,punishment,84
trump,children,84
whose,police,84
department,people,82
ms,shooting,82
police,gap,82
way,police,82
police,found,81
children,trump,80
media,trump,80
president,trump,80
social,trump,80
students,plan,80
students,staff,80
trump,department,79
within,police,79
police,least,78
every,police,77
police,official,77
police,seen,77
school,budget,77
school,office,77
students,education,77
cases,year,76
police,make,76
since,police,76
trump,wing,76
undermined,police,76
federal,police,75
later,police,75
police,policy,75
year,false,75
chief,police,74
dozens,police,74
lies,police,74
police,narcotics,74
year,officer,74
appear,police,73
falsely,police,73
police,dishonesty,73
police,either,73
circumstances,police,72
commander,police,72
police,investigation,72
woman,police,72
complaint,police,71
gun,department,71
police,top,71
white,police,71
accused,police,70
mccormack,police,70
police,referred,70
students,union,70
charges,police,69
police,minneapolis,69
police,testimony,69
police,byrne,68
police,recent,68
trump,ms,68
whether,police,68
car,police,67
judges,police,67
police,brooklyn,67
police,findings,67
police,instances,67
president,times,67
students,school,67
top,police,67
arrests,police,66
evidence,police,66
police,blood,66
police,circumstances,66
police,prosecutor,66
police,torres,66
minneapolis,shooting,65
police,arresting,65
police,cooney,65
police,mikalinis,65
police,number,65
police,radio,65
police,union,65
president,week,65
year,cases,65
account,police,64
deputy,police,64
manhattan,police,64
people,department,64
police,claiming,64
police,dozens,64
police,evidence,64
police,head,64
police,lies,64
police,little,64
police,scene,64
police,shows,64
school,plan,64
school,staff,64
board,year,63
far,police,63
police,bureau,63
shooting,damond,63
trump,first,63
career,police,62
freeman,police,62
learn,police,62
october,police,62
police,people,62
see,police,62
police,documents,61
police,judge,61
police,regarding,61
police,single,61
trump,twitter,61
police,former,60
shooting,noor,60
agency,police,59
mrs,president,59
police,days,59
police,lied,59
prunty,police,59
seem,police,59
students,trump,59
justine,police,58
people,police,58
police,shootings,58
police,whose,58
trump,people,58
police,based,57
police,officials,57
trump,east,57
trump,times,57
year,board,57
matters,police,56
police,court,56
school,union,56
use,police,56
year,officers,56
budget,school,55
court,police,55
criminal,police,55
ms,school,55
seen,police,55
students,guidance,55
tuesday,police,55
fired,police,54
officers,year,54
police,chief,54
police,first,54
punishment,police,54
tell,police,54
told,police,54
trump,tuesday,54
tuesday,trump,54
police,affairs,53
police,released,53
president,york,53
school,education,53
seemed,police,53
budget,students,52
failing,police,52
gun,officer,52
intentionally,police,52
officer,people,52
police,freeman,52
police,looking,52
police,nearly,52
police,received,52
reason,police,52
school,trump,52
trump,use,52
upheld,police,52
black,police,51
dismissed,police,51
instance,police,51
noted,police,51
outcome,police,51
police,injuries,51
police,use,51
students,committee,51
trump,part,51
accusations,police,50
devos,school,50
drug,police,50
ms,people,50
police,appears,50
police,came,50
police,career,50
police,face,50
police,filed,50
police,five,50
police,lawsuit,50
police,time,50
shot,police,50
students,members,50
trump,platform,50
warrant,police,50
back,police,49
finding,police,49
ms,year,49
obtained,police,49
police,brought,49
police,learn,49
christopher,police,48
even,police,48
know,police,48
may,police,48
ms,trump,48
police,another,48
police,commission,48
police,culture,48
police,discipline,48
police,family,48
police,might,48
records,police,48
reviewed,police,48
school,times,48
statement,shooting,48
behavior,police,47
enough,police,47
fact,police,47
police,charging,47
police,civil,47
police,may,47
school,week,47
abusive,police,46
accounts,police,46
book,police,46
caught,police,46
commission,police,46
crime,police,46
investigates,police,46
memo,police,46
police,associate,46
police,book,46
police,breeds,46
police,details,46
police,director,46
police,dunn,46
police,fact,46
police,informed,46
police,liberties,46
police,memo,46
police,properly,46
police,saying,46
police,supervisor,46
police,turquoise,46
properly,police,46
rarely,police,46
shooting,department,46
used,police,46
year,statement,46
believes,police,45
brought,police,45
came,police,45
deny,police,45
documented,police,45
downplay,police,45
five,police,45
freeman,shooting,45
harrity,police,45
mete,police,45
mystery,police,45
police,anomaly,45
police,clothing,45
police,debatable,45
police,discrepancies,45
police,discrepancy,45
police,experts,45
police,ignoring,45
police,including,45
police,individual,45
police,intolerable,45
police,merits,45
police,mr,45
police,outright,45
police,overall,45
police,record,45
police,shade,45
police,show,45
police,similarly,45
police,someone,45
police,take,45
police,troubled,45
police,wearing,45
police,willfully,45
power,police,45
present,police,45
prosecutor,police,45
punch,police,45
recordings,police,45
refers,police,45
throwing,police,45
white,trump,45
cited,police,44
determine,police,44
house,police,44
man,police,44
people,trump,44
police,arrest,44
police,confusion,44
police,explained,44
police,faulted,44
police,hardly,44
police,hodges,44
police,level,44
police,referring,44
police,reviewed,44
police,rise,44
police,seriously,44
police,stopped,44
possible,police,44
released,police,44
students,programs,44
trump,york,44
white,president,44
year,times,44
police,dismissed,43
police,finding,43
police,kevin,43
police,obtained,43
reaches,police,43
received,police,43
shooting,minneapolis,43
yet,police,43
house,trump,42
justine,shooting,42
nearly,police,42
notified,police,42
police,accusations,42
police,drug,42
police,entry,42
police,four,42
police,interviews,42
police,men,42
police,referrals,42
police,sworn,42
president,goose,42
track,police,42
accusation,police,41
get,police,41
injuries,police,41
looking,police,41
november,police,41
police,falcon,41
police,heights,41
police,instance,41
police,learned,41
police,loss,41
police,never,41
police,noted,41
police,problem,41
police,yet,41
provided,police,41
required,police,41
show,police,41
takes,police,41
around,police,40
budget,people,40
chairman,police,40
consequences,police,40
document,police,40
emery,police,40
examined,police,40
fill,police,40
guilty,police,40
nation,police,40
persistent,police,40
police,able,40
police,additional,40
police,conclude,40
police,cooperate,40
police,failed,40
police,hefty,40
police,impeded,40
police,impose,40
police,insufficient,40
police,intentionally,40
police,notify,40
police,offenses,40
police,often,40
police,possibly,40
police,upheld,40
police,vacation,40
remains,police,40
results,police,40
richard,police,40
school,committee,40
school,members,40
school,york,40
storied,police,40
students,agency,40
students,civil,40
telling,police,40
trump,cyberbullying,40
trump,school,40
trump,state,40
wrongdoing,police,40
away,police,39
clearly,police,39
collected,police,39
devos,students,39
gauge,police,39
initial,police,39
investigate,police,39
largest,police,39
monthslong,police,39
municipal,police,39
nickname,police,39
phenomenon,police,39
police,acquitted,39
police,fatal,39
police,made,39
police,paperwork,39
police,quartermaster,39
police,relating,39
police,section,39
police,squad,39
police,transferred,39
police,trial,39
police,unusual,39
ranks,police,39
reluctance,police,39
shown,police,39
students,rights,39
testilying,police,39
tossed,police,39
trump,grisham,39
tuesday,shooting,39
twitter,trump,39
uncovered,police,39
concluded,police,38
make,police,38
police,currently,38
police,determined,38
police,faces,38
police,federal,38
police,floor,38
police,front,38
police,interview,38
police,occurred,38
police,prospect,38
police,purchases,38
police,room,38
police,subject,38
police,true,38
responds,police,38
saying,police,38
shooting,times,38
trump,criticized,38
trump,formal,38
trump,year,38
apparent,police,37
careers,police,37
charging,police,37
experienced,police,37
impact,police,37
impossible,police,37
know,trump,37
konrad,police,37
martinez,police,37
ms,students,37
nector,police,37
negative,police,37
plainclothes,police,37
police,application,37
police,claimed,37
police,cocaine,37
police,confidential,37
police,different,37
police,floors,37
police,informant,37
police,investigative,37
police,performed,37
police,purchased,37
police,question,37
police,raised,37
police,steps,37
police,striking,37
police,undertaken,37
president,mrs,37
report,police,37
sealed,police,37
several,police,37
shootings,police,37
shot,shooting,37
subsequently,police,37
survived,police,37
suspicion,police,37
tally,police,37
testifying,police,37
trump,office,37
zakiewicz,police,37
basis,police,36
charge,police,36
children,president,36
devos,people,36
devos,trump,36
family,police,36
former,police,36
gold,police,36
gun,false,36
march,police,36
police,affidavit,36
police,alleged,36
police,apartments,36
police,car,36
police,describe,36
police,discovered,36
police,divided,36
police,incidents,36
police,matters,36
police,noticed,36
police,shot,36
police,thomas,36
prison,police,36
sending,police,36
shield,police,36
story,police,36
testified,police,36
though,police,36
times,year,36
trump,devos,36
based,police,35
budget,trump,35
concluding,police,35
detectives,police,35
facts,police,35
given,police,35
inspector,police,35
kinane,police,35
north,police,35
officers,shooting,35
officials,police,35
police,although,35
police,certainty,35
police,could,35
police,evagelos,35
police,identified,35
police,remain,35
police,specifics,35
precinct,police,35
president,bird,35
president,nene,35
pushed,police,35
put,police,35
rejected,police,35
sean,police,35
students,people,35
unreliable,police,35
cases,people,34
claim,police,34
degree,police,34
devos,year,34
donald,police,34
gun,officers,34
harrity,shooting,34
j,police,34
media,president,34
peter,police,34
police,castile,34
police,day,34
police,far,34
police,second,34
police,took,34
president,first,34
punished,police,34
released,shooting,34
social,president,34
spokesman,police,34
topic,trump,34
trump,behavior,34
trump,budget,34
trump,digital,34
trump,white,34
went,police,34
bullying,trump,33
catching,police,33
department,school,33
dishonest,police,33
effective,police,33
example,police,33
expanded,police,33
fatally,police,33
grown,police,33
husband,trump,33
integrity,police,33
lied,police,33
order,police,33
people,officer,33
police,across,33
police,black,33
police,bystander,33
police,episode,33
police,establish,33
police,hospital,33
police,necessarily,33
police,photo,33
police,prunty,33
police,see,33
police,seem,33
police,sidewalk,33
police,smeared,33
police,stitches,33
police,strike,33
police,taken,33
pretend,police,33
proactively,police,33
respond,police,33
rooting,police,33
separately,police,33
students,email,33
students,week,33
suspects,police,33
testing,police,33
trump,email,33
trump,johnson,33
undercover,police,33
unit,police,33
victims,police,33
witnesses,police,33
aggregate,police,32
believable,police,32
convened,police,32
faulty,police,32
finds,police,32
gun,cases,32
hodges,police,32
indicative,police,32
lawrence,police,32
led,police,32
minority,school,32
panel,police,32
police,death,32
police,fired,32
police,interviewed,32
police,james,32
police,notice,32
police,punched,32
police,summary,32
president,state,32
president,wing,32
reviewing,police,32
second,police,32
shooting,shootings,32
students,last,32
students,several,32
systemic,police,32
trump,meeting,32
week,trump,32
budget,year,31
county,police,31
documents,police,31
first,trump,31
force,shooting,31
intentional,police,31
july,police,31
look,police,31
memory,police,31
mistakes,police,31
police,capturing,31
police,city,31
police,credible,31
police,fleeing,31
police,gunpoint,31
police,harrity,31
police,minnesota,31
prosecutors,police,31
regarding,police,31
single,police,31
suspect,police,31
unarmed,police,31
ann,police,30
behavior,trump,30
board,people,30
efforts,trump,30
false,year,30
later,shooting,30
officers,people,30
p,police,30
people,ms,30
people,times,30
plunkett,police,30
police,activists,30
police,bronx,30
police,criminal,30
police,efforts,30
police,facts,30
police,laws,30
police,names,30
police,october,30
police,secrecy,30
police,transcripts,30
police,well,30
remain,police,30
school,email,30
school,president,30
school,year,30
search,police,30
shooting,chief,30
specifics,police,30
statement,year,30
students,congress,30
students,contract,30
students,details,30
students,employees,30
students,final,30
students,member,30
students,number,30
students,offices,30
students,officials,30
students,overhaul,30
students,proposals,30
students,racial,30
students,reorganization,30
students,schools,30
trump,goose,30
trump,preferred,30
trump,today,30
assistant,police,29
bias,police,29
car,shooting,29
combat,police,29
commissioner,police,29
department,trump,29
error,police,29
head,police,29
house,president,29
implausible,police,29
incidents,police,29
manslaughter,police,29
news,police,29
officer,gun,29
outside,police,29
plausible,police,29
police,annually,29
police,killed,29
police,promoted,29
police,range,29
police,shrouded,29
police,white,29
president,children,29
president,people,29
quite,police,29
renewed,police,29
review,year,29
school,last,29
school,people,29
school,programs,29
shooting,hodges,29
shooting,released,29
shootings,shooting,29
sometimes,police,29
students,believe,29
thinks,police,29
thomas,police,29
trump,another,29
trump,right,29
trump,staff,29
white,year,29
year,statements,29
act,police,28
brings,police,28
called,police,28
claiming,police,28
deadly,police,28
dimitrakakis,police,28
duty,police,28
hennepin,police,28
home,police,28
lawyer,police,28
police,abuses,28
police,account,28
police,deputy,28
police,manhattan,28
police,offers,28
police,outside,28
police,report,28
police,unarmed,28
president,crossword,28
proceedings,police,28
radio,police,28
rather,police,28
region,police,28
scene,police,28
shows,police,28
striking,police,28
trump,adding,28
trump,national,28
trump,plan,28
trump,stop,28
trump,union,28
year,ms,28
accidents,police,27
activists,police,27
arresting,police,27
chief,shooting,27
conference,police,27
cooney,police,27
death,police,27
declined,police,27
department,students,27
education,school,27
falsehoods,police,27
johnson,trump,27
mikalinis,police,27
minority,students,27
part,trump,27
police,allegations,27
police,handles,27
police,jurisdiction,27
police,large,27
police,set,27
police,wide,27
school,agency,27
shooting,freeman,27
subject,police,27
trump,combat,27
trump,husband,27
trump,work,27
use,shooting,27
week,president,27
year,according,27
year,case,27
year,detective,27
year,york,27
association,police,26
bar,police,26
blood,police,26
disciplined,police,26
event,police,26
extent,police,26
forced,police,26
gun,board,26
gun,statement,26
justice,police,26
know,president,26
made,year,26
minnesota,police,26
mistake,police,26
opposed,police,26
paper,police,26
perjury,police,26
police,arrests,26
police,county,26
police,examine,26
police,fewer,26
police,gun,26
police,opportunity,26
police,prosecutors,26
police,systematically,26
police,truth,26
police,tuesday,26
president,year,26
school,several,26
sheriff,police,26
shooting,last,26
speech,trump,26
students,discipline,26
students,representative,26
students,year,26
terminated,police,26
torres,police,26
trump,campaign,26
trump,representative,26
trump,students,26
absent,police,25
actually,police,25
bringing,police,25
brooklyn,police,25
case,year,25
cases,gun,25
charges,shooting,25
discourage,police,25
dismissal,police,25
exceptional,police,25
fatally,shooting,25
high,department,25
instances,police,25
material,police,25
matter,police,25
mrs,people,25
notes,police,25
police,arradondo,25
police,debate,25
police,judges,25
police,trying,25
president,east,25
president,old,25
public,trump,25
result,police,25
school,civil,25
school,guidance,25
severe,police,25
severity,police,25
shooting,falcon,25
shooting,heights,25
shooting,officers,25
shooting,york,25
students,administration,25
students,president,25
students,use,25
trump,bird,25
trump,contributed,25
trump,house,25
trump,leaders,25
trump,nene,25
trump,several,25
trump,time,25
trump,way,25
trying,police,25
white,shooting,25
civilian,year,24
county,shooting,24
degree,shooting,24
men,police,24
people,union,24
people,week,24
police,avoid,24
police,ending,24
police,november,24
president,twitter,24
prosecutors,shooting,24
referred,police,24
school,congress,24
school,contract,24
school,details,24
school,employees,24
school,final,24
school,goose,24
school,member,24
school,number,24
school,offices,24
school,officials,24
school,overhaul,24
school,proposals,24
school,reorganization,24
school,use,24
shooting,statement,24
shooting,week,24
students,part,24
students,tuesday,24
trump,independently,24
trump,initiative,24
trump,life,24
trump,woman,24
trump,world,24
year,internal,24
attacked,trump,23
continue,trump,23
corruption,police,23
education,students,23
ending,police,23
facebook,trump,23
first,police,23
guidance,school,23
house,school,23
last,year,23
might,police,23
months,police,23
option,police,23
people,cases,23
people,false,23
people,mrs,23
police,combat,23
police,corruption,23
police,harteau,23
police,option,23
racial,school,23
school,schools,23
shooting,white,23
students,leaders,23
students,minority,23
sworn,police,23
trump,come,23
trump,current,23
trump,find,23
trump,issues,23
trump,killed,23
trump,policy,23
trump,public,23
woman,shooting,23
years,year,23
york,year,23
avoid,police,22
board,gun,22
criticized,trump,22
curb,trump,22
current,trump,22
gun,ms,22
gun,times,22
high,times,22
including,police,22
lying,year,22
plunkett,shooting,22
police,commander,22
police,decision,22
police,demanded,22
police,justine,22
police,mccormack,22
president,department,22
president,ms,22
president,school,22
president,use,22
president,white,22
school,first,22
shooting,day,22
students,made,22
students,safety,22
students,say,22
students,work,22
trump,create,22
trump,criticism,22
trump,education,22
trump,hard,22
trump,help,22
trump,say,22
trump,spent,22
trump,spokeswoman,22
tuesday,president,22
agenda,trump,21
another,trump,21
city,shooting,21
department,gun,21
house,people,21
house,year,21
july,shooting,21
killed,trump,21
led,shooting,21
national,trump,21
news,shooting,21
officer,high,21
people,president,21
police,absent,21
police,actually,21
police,bringing,21
police,complaint,21
police,conduct,21
police,discourage,21
police,dismissal,21
police,exceptional,21
police,got,21
police,late,21
police,material,21
police,matter,21
police,notes,21
police,protests,21
police,result,21
police,severe,21
police,severity,21
police,since,21
president,get,21
president,hawaiian,21
president,part,21
president,puzzles,21
president,world,21
records,shooting,21
school,rights,21
school,students,21
school,white,21
shooting,acquitted,21
shooting,castile,21
shooting,death,21
shooting,fatal,21
shooting,office,21
shooting,year,21
stop,trump,21
students,agreement,21
students,appropriations,21
students,congressional,21
students,house,21
students,labor,21
students,proposal,21
students,public,21
students,run,21
trump,called,21
trump,european,21
trump,wants,21
unarmed,shooting,21
white,people,21
year,legal,21
year,office,21
years,shooting,21
act,shooting,20
area,police,20
body,police,20
called,shooting,20
commitment,trump,20
community,police,20
cyberbullying,trump,20
deadly,shooting,20
declined,shooting,20
education,people,20
either,police,20
examine,police,20
far,trump,20
fewer,police,20
fired,shooting,20
focus,trump,20
hennepin,shooting,20
high,ms,20
home,shooting,20
information,year,20
lady,trump,20
lawyer,shooting,20
lee,school,20
manslaughter,shooting,20
melania,trump,20
offers,police,20
office,people,20
opportunity,police,20
outside,shooting,20
part,president,20
particular,trump,20
people,york,20
police,association,20
police,back,20
police,bar,20
police,disciplined,20
police,event,20
police,extent,20
police,forced,20
police,mistake,20
police,office,20
police,opposed,20
police,paper,20
police,perjury,20
police,terminated,20
president,platform,20
president,tuesday,20
proposed,school,20
range,police,20
school,agreement,20
school,bird,20
school,labor,20
school,nene,20
school,part,20
school,run,20
set,police,20
shooting,efforts,20
shooting,shot,20
shooting,trump,20
show,shooting,20
singled,trump,20
somali,police,20
state,trump,20
students,across,20
students,activities,20
students,announced,20
students,commission,20
students,communication,20
students,connect,20
students,created,20
students,curb,20
students,cuts,20
students,delauro,20
students,deliberative,20
students,discrimination,20
students,document,20
students,frelinghuysen,20
students,help,20
students,hundreds,20
students,information,20
students,key,20
students,long,20
students,months,20
students,multiple,20
students,nothing,20
students,order,20
students,oversees,20
students,pay,20
students,plans,20
students,reassign,20
students,restructuring,20
students,services,20
students,team,20
students,times,20
systematically,police,20
time,police,20
trump,bennett,20
trump,celebrated,20
trump,course,20
trump,crossword,20
trump,efforts,20
trump,feels,20
trump,going,20
trump,independent,20
trump,kitty,20
trump,knows,20
trump,korea,20
trump,lady,20
trump,media,20
trump,openly,20
trump,positive,20
trump,research,20
trump,singled,20
trump,social,20
trump,talk,20
turned,police,20
year,appear,20
year,budget,20
year,devos,20
year,richardson,20
year,week,20
allegations,police,19
american,trump,19
civil,school,19
details,police,19
dishonesty,police,19
effort,trump,19
efforts,president,19
facebook,president,19
false,people,19
goal,trump,19
handles,police,19
harassment,trump,19
hodges,shooting,19
improve,trump,19
jurisdiction,police,19
last,shooting,19
lives,trump,19
long,trump,19
nascent,trump,19
next,trump,19
number,year,19
office,school,19
often,trump,19
online,trump,19
people,first,19
police,accidents,19
police,clark,19
police,community,19
police,crime,19
police,duty,19
police,falsehoods,19
police,falsely,19
police,jamar,19
police,quite,19
police,rather,19
police,station,19
police,turned,19
president,adding,19
president,australian,19
problem,trump,19
programs,school,19
protests,police,19
rights,school,19
school,believe,19
school,representative,19
school,state,19
school,tuesday,19
shooting,debate,19
shooting,killed,19
shooting,minnesota,19
students,including,19
supervisor,police,19
trump,common,19
trump,day,19
trump,fact,19
trump,give,19
trump,huge,19
trump,including,19
trump,members,19
trump,met,19
trump,old,19
trump,presentation,19
trump,presidency,19
trump,rollout,19
trump,safety,19
trump,shooting,19
trump,speech,19
trump,stephanie,19
trump,timeline,19
trump,unveiled,19
trump,west,19
union,police,19
wants,trump,19
well,police,19
white,school,19
wide,police,19
year,house,19
year,making,19
year,union,19
abuses,police,18
acquitted,police,18
activists,shooting,18
another,year,18
around,trump,18
australian,police,18
children,people,18
clash,trump,18
conference,shooting,18
continued,trump,18
criticism,trump,18
cybersafety,trump,18
data,president,18
despite,trump,18
detective,year,18
develop,trump,18
discrimination,school,18
education,trump,18
face,police,18
family,shooting,18
fatal,police,18
gun,case,18
habit,trump,18
husband,president,18
incident,police,18
insult,trump,18
justice,shooting,18
longtime,trump,18
narcotics,police,18
office,police,18
officer,president,18
ouster,police,18
part,police,18
people,board,18
people,devos,18
people,office,18
people,officers,18
police,area,18
police,body,18
police,brings,18
police,camped,18
police,demonstrators,18
police,election,18
police,enough,18
police,look,18
police,proceedings,18
police,prompted,18
police,somali,18
policy,shooting,18
president,campaign,18
president,come,18
president,email,18
questions,police,18
region,shooting,18
renewed,shooting,18
request,students,18
saudi,president,18
school,administration,18
school,leaders,18
school,made,18
school,work,18
sheriff,shooting,18
shooting,activists,18
shooting,force,18
shooting,goose,18
shooting,large,18
shooting,state,18
shooting,unarmed,18
side,students,18
special,trump,18
students,could,18
students,first,18
students,proposed,18
students,york,18
summer,police,18
tariffs,president,18
testimony,year,18
trump,barack,18
trump,carlos,18
trump,clinton,18
trump,committee,18
trump,community,18
trump,congress,18
trump,democratic,18
trump,environment,18
trump,hillary,18
trump,inspirational,18
trump,leader,18
trump,made,18
trump,monje,18
trump,obama,18
trump,older,18
trump,opponent,18
trump,pretty,18
trump,railing,18
trump,republican,18
trump,safe,18
trump,seen,18
trump,soapbox,18
trump,things,18
trump,worked,18
trump,young,18
using,trump,18
year,goose,18
year,review,18
year,years,18
amazon,trump,17
annually,police,17
aware,trump,17
bullied,trump,17
conduct,police,17
decision,police,17
department,shooting,17
discipline,year,17
discussing,trump,17
discussion,trump,17
education,year,17
feel,trump,17
findings,police,17
fire,police,17
first,president,17
fla,trump,17
force,year,17
found,year,17
google,trump,17
got,police,17
guidance,trump,17
gun,detective,17
high,york,17
invited,trump,17
jailed,police,17
late,police,17
laws,police,17
letters,trump,17
mass,trump,17
minnesota,shooting,17
minority,trump,17
mohamed,police,17
murder,police,17
office,year,17
parkland,trump,17
part,shooting,17
people,children,17
people,statement,17
people,year,17
police,accusing,17
police,added,17
police,assistant,17
police,bias,17
police,citizen,17
police,colleagues,17
police,commissioner,17
police,complaints,17
police,error,17
police,even,17
police,implausible,17
police,involved,17
police,labor,17
police,longstanding,17
police,plausible,17
police,short,17
police,showed,17
police,sometimes,17
police,tense,17
police,thinks,17
police,three,17
police,way,17
police,week,17
president,another,17
received,trump,17
representatives,trump,17
round,trump,17
school,house,17
school,proposal,17
school,public,17
shooting,black,17
shooting,first,17
shooting,misconduct,17
shrouded,police,17
skeptical,trump,17
snap,trump,17
statement,people,17
students,care,17
students,said,17
table,trump,17
third,police,17
threatened,trump,17
times,people,17
times,trump,17
training,police,17
trump,attacked,17
trump,critics,17
trump,needless,17
trump,pennsylvania,17
trump,pounced,17
trump,publicly,17
trump,wanted,17
well,trump,17
across,police,16
adding,police,16
agency,year,16
assault,police,16
attorney,police,16
billion,school,16
bridge,police,16
demanded,police,16
falcon,police,16
generation,trump,16
gun,trump,16
gun,year,16
heights,police,16
helping,trump,16
house,students,16
independently,trump,16
information,shooting,16
initiative,trump,16
issue,trump,16
johnson,president,16
laws,trump,16
least,police,16
made,people,16
male,police,16
months,shooting,16
names,police,16
night,police,16
often,year,16
people,plan,16
people,use,16
people,wing,16
police,ann,16
police,jeronimo,16
police,june,16
police,jurors,16
police,left,16
police,missouri,16
police,neighboring,16
police,oklahoma,16
police,p,16
police,philando,16
police,trials,16
police,undermined,16
police,went,16
police,wisconsin,16
police,yanez,16
president,formal,16
president,grisham,16
president,life,16
president,might,16
president,right,16
programs,students,16
request,school,16
review,people,16
right,trump,16
school,activities,16
school,announced,16
school,appropriations,16
school,communication,16
school,connect,16
school,crossword,16
school,delauro,16
school,deliberative,16
school,document,16
school,former,16
school,frelinghuysen,16
school,hundreds,16
school,information,16
school,key,16
school,long,16
school,multiple,16
school,old,16
school,order,16
school,oversees,16
school,pay,16
school,plans,16
school,reassign,16
school,restructuring,16
school,safety,16
school,since,16
school,team,16
secrecy,police,16
seen,shooting,16
series,police,16
shooting,arradondo,16
shooting,harteau,16
shooting,investigation,16
shooting,outside,16
shooting,president,16
shooting,saying,16
shooting,tuesday,16
shooting,union,16
shooting,use,16
shooting,yet,16
students,children,16
students,cut,16
students,decisions,16
students,lee,16
tackling,trump,16
take,trump,16
trained,police,16
transcripts,police,16
trump,best,16
trump,call,16
trump,discussed,16
trump,emphasized,16
trump,francis,16
trump,get,16
trump,honor,16
trump,last,16
trump,lifetime,16
trump,need,16
trump,numbers,16
trump,poll,16
trump,pope,16
trump,praised,16
trump,used,16
tuesday,people,16
twitter,president,16
week,people,16
world,president,16
world,trump,16
year,civilian,16
year,official,16
year,warrant,16
abused,police,15
acquitted,shooting,15
acted,police,15
afternoon,police,15
another,president,15
authority,police,15
bob,police,15
california,trump,15
capturing,police,15
case,people,15
charged,police,15
client,police,15
consistent,police,15
continue,school,15
cut,school,15
damond,year,15
day,trump,15
days,trump,15
death,shooting,15
debate,police,15
departmental,police,15
driver,police,15
established,police,15
fatal,shooting,15
filed,police,15
fleeing,police,15
guidance,people,15
gunpoint,police,15
harteau,police,15
investigation,year,15
jail,police,15
kroll,police,15
lawsuit,police,15
leads,police,15
lt,police,15
media,people,15
met,president,15
mike,police,15
minority,people,15
morning,police,15
national,president,15
near,police,15
office,shooting,15
police,convictions,15
police,december,15
police,difficulty,15
police,every,15
police,faulty,15
police,filing,15
police,gathering,15
police,intentional,15
police,memory,15
police,mistakes,15
police,months,15
police,needed,15
police,president,15
police,reason,15
police,requests,15
police,resisted,15
police,securing,15
police,state,15
police,swift,15
police,told,15
police,trump,15
police,unhelpful,15
police,videotaped,15
police,wait,15
police,woman,15
president,budget,15
president,chief,15
president,contributed,15
president,day,15
president,find,15
president,time,15
problem,year,15
reasonably,police,15
reported,police,15
represents,police,15
school,across,15
school,get,15
school,say,15
school,services,15
security,president,15
shooting,bird,15
shooting,man,15
shooting,nene,15
shooting,protests,15
shooting,records,15
side,police,15
social,people,15
stop,president,15
students,decision,15
students,meant,15
students,poor,15
today,police,15
today,trump,15
trump,advocates,15
trump,agreement,15
trump,belgium,15
trump,exploited,15
trump,hawaiian,15
trump,mathilde,15
trump,may,15
trump,missing,15
trump,phone,15
trump,police,15
trump,program,15
trump,puzzles,15
trump,queen,15
trump,special,15
trump,system,15
trump,watched,15
trump,whose,15
union,shooting,15
working,trump,15
year,bird,15
year,disciplinary,15
year,investigators,15
year,last,15
year,later,15
year,many,15
year,nene,15
year,plan,15
year,policy,15
acknowledging,police,14
affluent,police,14
alley,police,14
already,trump,14
appeared,police,14
arrived,police,14
asked,police,14
authorities,police,14
behavior,president,14
body,shooting,14
bullying,president,14
clashed,trump,14
comment,police,14
continue,students,14
curbing,trump,14
cut,students,14
decision,shooting,14
democrats,trump,14
discipline,school,14
driving,police,14
efforts,police,14
emergency,police,14
engaged,police,14
feared,police,14
figure,police,14
got,shooting,14
gun,according,14
gun,statements,14
gunfire,police,14
happening,police,14
high,week,14
importance,trump,14
instructor,police,14
interviewed,police,14
james,police,14
judge,year,14
last,people,14
lead,police,14
lee,students,14
lights,police,14
married,police,14
matthew,police,14
meditation,police,14
minutes,police,14
moments,police,14
month,police,14
ms,gun,14
neither,police,14
news,trump,14
noise,police,14
notice,police,14
officers,gun,14
open,police,14
partner,police,14
passenger,police,14
people,tuesday,14
police,aggregate,14
police,believable,14
police,build,14
police,called,14
police,candidate,14
police,convened,14
police,criticism,14
police,defeated,14
police,endorsed,14
police,fianc√©,14
police,finds,14
police,frey,14
police,improve,14
police,indicative,14
police,jacob,14
police,january,14
police,lawrence,14
police,mayoral,14
police,panel,14
police,requiring,14
police,reviewing,14
police,systemic,14
police,winning,14
police,within,14
president,appear,14
president,asian,14
president,briefing,14
president,bureau,14
president,called,14
president,clue,14
president,difficult,14
president,lava,14
president,morning,14
president,nenes,14
president,real,14
president,shooting,14
president,today,14
president,way,14
president,word,14
prosecution,police,14
punched,police,14
remarks,trump,14
school,created,14
school,time,14
sexual,police,14
shooting,community,14
shooting,harrity,14
shot,president,14
side,school,14
special,school,14
speech,president,14
startled,police,14
state,police,14
students,democrat,14
students,killed,14
students,national,14
students,protect,14
students,system,14
summary,police,14
survivors,trump,14
took,police,14
topic,president,14
tragic,police,14
trump,abroad,14
trump,australian,14
trump,emmys,14
trump,investigation,14
trump,kentucky,14
trump,led,14
trump,north,14
trump,paul,14
trump,rand,14
trump,senator,14
trump,targets,14
trump,trip,14
turned,shooting,14
twice,police,14
video,shooting,14
visiting,trump,14
way,year,14
week,year,14
whether,year,14
whose,year,14
window,police,14
year,byrne,14
year,man,14
year,officials,14
year,staff,14
yoga,police,14
accountability,police,13
actions,police,13
addressed,trump,13
adult,police,13
agency,people,13
agency,school,13
agenda,president,13
although,police,13
applauded,police,13
apprehension,police,13
approaching,police,13
arradondo,police,13
arrested,police,13
backed,police,13
bail,police,13
bennett,police,13
billion,president,13
booked,police,13
bring,police,13
brought,trump,13
bystander,police,13
camera,police,13
case,shooting,13
charging,shooting,13
child,police,13
children,school,13
citizens,police,13
civil,people,13
civil,trump,13
combat,trump,13
committee,people,13
conviction,police,13
could,police,13
criminal,shooting,13
crown,president,13
cruiser,police,13
cuts,school,13
day,police,13
defended,school,13
demands,police,13
deputies,police,13
detailed,police,13
discipline,people,13
episode,police,13
establish,police,13
evidence,shooting,13
evils,trump,13
exposure,trump,13
far,president,13
fellow,police,13
female,police,13
finished,police,13
forensic,police,13
gap,police,13
going,police,13
governors,trump,13
group,trump,13
gun,last,13
gun,years,13
gun,york,13
handed,police,13
happened,police,13
held,police,13
high,police,13
hopeful,police,13
hospital,police,13
however,police,13
iniquitous,police,13
investigators,shooting,13
investment,president,13
killed,president,13
killing,police,13
know,people,13
known,police,13
late,shooting,13
legitimate,police,13
little,shooting,13
meeting,trump,13
members,police,13
mid,police,13
mnuchin,president,13
ms,president,13
necessarily,police,13
offered,trump,13
part,people,13
people,east,13
photo,police,13
police,catching,13
police,dishonest,13
police,effective,13
police,example,13
police,expanded,13
police,faced,13
police,get,13
police,grown,13
police,handling,13
police,integrity,13
police,justice,13
police,march,13
police,news,13
police,order,13
police,pretend,13
police,proactively,13
police,pushed,13
police,redouble,13
police,respond,13
police,rooting,13
police,separately,13
police,suspects,13
police,testing,13
police,tragedy,13
police,trust,13
police,undercover,13
police,unit,13
police,victims,13
police,witnesses,13
presented,police,13
president,capital,13
president,criticized,13
president,digital,13
president,election,13
president,european,13
president,since,13
prince,president,13
programs,people,13
protect,police,13
protesting,trump,13
recent,year,13
recklessly,police,13
reflect,police,13
requires,police,13
responsible,police,13
rights,people,13
robert,police,13
school,commission,13
school,help,13
school,mrs,13
school,nothing,13
school,shooting,13
school,world,13
seeking,president,13
september,police,13
serious,police,13
shoot,police,13
shooting,area,13
shooting,demanded,13
shooting,details,13
shooting,information,13
shooting,labor,13
shooting,people,13
shooting,somali,13
sidewalk,police,13
smeared,police,13
speak,police,13
special,students,13
spooked,police,13
spouses,trump,13
staff,people,13
step,police,13
stitches,police,13
strike,police,13
strong,police,13
students,behavior,13
students,benefit,13
students,time,13
students,white,13
support,trump,13
system,trump,13
taken,police,13
threat,police,13
times,president,13
told,shooting,13
toward,police,13
treat,police,13
trump,dangers,13
trump,drugs,13
trump,election,13
trump,former,13
trump,gun,13
trump,justice,13
trump,know,13
trump,posed,13
trump,schools,13
trump,take,13
trump,warned,13
unholstered,police,13
verified,police,13
war,president,13
year,accused,13
year,bureau,13
year,charges,13
year,civil,13
year,education,13
year,former,13
year,lying,13
year,people,13
year,suspect,13
years,people,13
according,year,12
action,year,12
adding,shooting,12
adults,trump,12
another,people,12
attacked,president,12
australian,shooting,12
betsy,police,12
changes,police,12
choice,school,12
civilian,people,12
commitment,students,12
conduct,shooting,12
congressional,school,12
current,president,12
cyberbullying,president,12
data,school,12
day,president,12
efforts,shooting,12
federal,year,12
findings,shooting,12
fire,shooting,12
guidance,year,12
gun,internal,12
gun,week,12
high,devos,12
high,goose,12
high,officer,12
incident,shooting,12
information,people,12
investigation,shooting,12
jail,shooting,12
jailed,shooting,12
killed,police,12
leaders,school,12
leaders,trump,12
many,year,12
marched,police,12
mayor,police,12
meeting,president,12
monitoring,trump,12
morning,shooting,12
motorist,police,12
mrs,students,12
ms,high,12
much,year,12
murder,shooting,12
nearby,police,12
noor,year,12
ouster,shooting,12
people,goose,12
people,shooting,12
people,state,12
point,police,12
police,announced,12
police,cameras,12
police,claim,12
police,donald,12
police,goose,12
police,j,12
police,medaria,12
police,north,12
police,peter,12
police,punished,12
police,rules,12
police,sheriff,12
police,situations,12
police,spokesman,12
police,successor,12
police,tell,12
president,cyberbullying,12
president,former,12
president,male,12
president,preferred,12
president,whether,12
president,woman,12
programs,trump,12
proposed,students,12
protested,police,12
protesters,police,12
protests,shooting,12
public,president,12
questions,shooting,12
racial,people,12
racial,trump,12
residents,police,12
responsibility,trump,12
review,shooting,12
rights,trump,12
saudi,school,12
school,adding,12
school,australian,12
school,behind,12
school,congressional,12
school,culture,12
school,feet,12
school,gun,12
school,hawaiian,12
school,including,12
school,many,12
school,months,12
school,national,12
school,potential,12
school,puzzles,12
school,questions,12
school,see,12
school,term,12
school,years,12
second,shooting,12
secretary,school,12
shooting,camped,12
shooting,clark,12
shooting,conduct,12
shooting,county,12
shooting,criminal,12
shooting,crossword,12
shooting,days,12
shooting,decision,12
shooting,demonstrators,12
shooting,devos,12
shooting,federal,12
shooting,findings,12
shooting,jamar,12
shooting,justine,12
shooting,might,12
shooting,old,12
shooting,prompted,12
shooting,prosecutors,12
shooting,station,12
shouted,police,12
side,shooting,12
singled,president,12
state,president,12
students,create,12
students,former,12
students,get,12
students,gun,12
students,hard,12
students,issues,12
students,justice,12
students,mrs,12
students,policy,12
students,presentation,12
students,questions,12
students,republican,12
students,shooting,12
students,since,12
students,spent,12
students,spokeswoman,12
students,stop,12
students,way,12
summer,shooting,12
take,president,12
tariffs,school,12
third,shooting,12
trade,president,12
trump,adults,12
trump,back,12
trump,chief,12
trump,civil,12
trump,contract,12
trump,employees,12
trump,hit,12
trump,labor,12
trump,luncheon,12
trump,male,12
trump,nations,12
trump,offices,12
trump,plans,12
trump,programs,12
trump,run,12
trump,since,12
trump,united,12
trump,years,12
truth,year,12
whether,shooting,12
year,christopher,12
year,circumstances,12
year,cited,12
year,crossword,12
year,dimitrakakis,12
year,involve,12
year,lesser,12
year,lie,12
year,punishment,12
year,referred,12
year,search,12
year,state,12
year,testimony,12
able,year,11
abused,shooting,11
acknowledging,shooting,11
acted,shooting,11
afternoon,shooting,11
area,shooting,11
attorney,shooting,11
attorney,trump,11
authority,shooting,11
began,police,11
billion,students,11
bob,shooting,11
certainty,police,11
charged,shooting,11
choice,students,11
civil,students,11
client,shooting,11
combat,president,11
comment,shooting,11
community,shooting,11
consistent,shooting,11
counsel,trump,11
criticized,president,11
day,school,11
demanded,shooting,11
demonstrated,police,11
departmental,shooting,11
detective,people,11
especially,school,11
established,shooting,11
evagelos,police,11
facts,shooting,11
falcon,shooting,11
first,people,11
galvanize,police,11
general,trump,11
get,year,11
gun,first,11
gun,legal,11
gun,office,11
gunfire,shooting,11
heights,shooting,11
house,shooting,11
identified,police,11
internal,year,11
investigation,trump,11
jeff,trump,11
justice,trump,11
korea,president,11
kroll,shooting,11
large,police,11
leads,shooting,11
led,trump,11
lee,trump,11
long,president,11
lt,shooting,11
male,shooting,11
met,trump,11
mike,shooting,11
million,school,11
minority,year,11
mohamed,shooting,11
mrs,school,11
mrs,year,11
need,president,11
news,president,11
office,students,11
office,trump,11
part,year,11
people,part,11
people,school,11
people,staff,11
people,twitter,11
people,years,11
plans,president,11
police,charge,11
police,concluding,11
police,conference,11
police,declined,11
police,detectives,11
police,given,11
police,high,11
police,inspector,11
police,janee,11
police,kinane,11
police,manslaughter,11
police,precinct,11
police,put,11
police,rejected,11
police,sean,11
police,survived,11
police,though,11
police,unreliable,11
poor,school,11
president,behavior,11
president,congress,11
president,current,11
president,efforts,11
president,house,11
president,jinping,11
president,korea,11
president,last,11
president,meeting,11
president,shot,11
president,stop,11
president,xi,11
president,years,11
previously,police,11
profile,police,11
promoted,year,11
proposed,trump,11
prosecution,shooting,11
protect,school,11
protect,shooting,11
reasonably,shooting,11
recent,shooting,11
represents,shooting,11
rights,students,11
school,behavior,11
school,children,11
school,control,11
school,could,11
school,curb,11
school,cuts,11
school,next,11
school,system,11
secretary,students,11
security,school,11
security,year,11
series,shooting,11
sessions,trump,11
shooting,accusing,11
shooting,added,11
shooting,budget,11
shooting,career,11
shooting,case,11
shooting,charges,11
shooting,charging,11
shooting,colleagues,11
shooting,court,11
shooting,election,11
shooting,evidence,11
shooting,face,11
shooting,filed,11
shooting,investigators,11
shooting,late,11
shooting,lawsuit,11
shooting,left,11
shooting,little,11
shooting,longstanding,11
shooting,make,11
shooting,often,11
shooting,requiring,11
shooting,short,11
shooting,tense,11
shot,year,11
silent,police,11
somali,shooting,11
specifics,shooting,11
stationed,police,11
students,adding,11
students,adults,11
students,behind,11
students,brought,11
students,control,11
students,culture,11
students,eliminates,11
students,feet,11
students,fiscal,11
students,high,11
students,linked,11
students,many,11
students,month,11
students,next,11
students,potential,11
students,security,11
students,see,11
students,take,11
students,target,11
students,term,11
students,years,11
suggested,police,11
tariffs,trump,11
thomas,shooting,11
tragic,shooting,11
trained,shooting,11
training,shooting,11
trump,abc,11
trump,administration,11
trump,agency,11
trump,ambush,11
trump,angry,11
trump,anthem,11
trump,anyway,11
trump,battle,11
trump,brought,11
trump,brutality,11
trump,continuing,11
trump,criminal,11
trump,cry,11
trump,david,11
trump,football,11
trump,george,11
trump,hurts,11
trump,interview,11
trump,kneeling,11
trump,knew,11
trump,la,11
trump,league,11
trump,myeshia,11
trump,name,11
trump,news,11
trump,niger,11
trump,officials,11
trump,players,11
trump,protest,11
trump,racism,11
trump,remember,11
trump,sgt,11
trump,signed,11
trump,soldier,11
trump,stephanopoulos,11
trump,struggled,11
trump,tone,11
trump,voice,11
trump,whether,11
trump,widow,11
tuesday,year,11
year,color,11
year,details,11
year,first,11
year,gap,11
year,information,11
year,judge,11
year,may,11
year,recent,11
year,see,11
year,top,11
year,use,11
year,whether,11
york,president,11
