tacticalreview,gun,113
gun,decide,92
gun,want,92
right,gun,92
see,gun,92
gun,sense,89
announce,gun,88
campaign,gun,88
firstdayofspring,gun,88
gun,candidate,88
happy,gun,88
honored,gun,88
noted,gun,88
gun,distinction,87
lucywins,gun,87
day,marchforourlives,43
march,marchforourlives,33
drmikesimpson,marchforourlives,32
forget,marchforourlives,32
gun,gunsense,32
head,marchforourlives,32
marchforourlives,firearms,32
marchforourlives,take,32
range,marchforourlives,32
gun,laws,30
gun,free,29
gun,among,26
gun,country,26
gun,firearm,26
gun,restrictive,26
gun,tell,26
gun,violence,26
gun,zone,26
marchforourlives,novice,26
gun,control,25
lisalisanj,gun,25
gun,owners,24
stop,gun,24
actually,gun,23
drank,gun,22
driving,gun,22
drunk,gun,22
dumped,gun,22
kidding,gun,22
liberallogic,gun,22
liberallunacy,gun,22
scotch,gun,22
guns,gunsense,20
guy,gun,20
gunsense,gun,17
good,gun,15
gun,health,14
gun,public,14
guns,gun,14
responsible,gun,14
abiding,gun,13
community,gun,13
gun,hateful,13
gun,hypocrisy,13
gun,marchforourlives,13
gun,ones,13
gun,violent,13
law,gun,13
nra,gunsense,13
responsible,marchforourlives,13
say,gun,13
another,marchforourlives,12
clamsroll,gun,12
gun,cdcgov,12
gun,crisis,12
gun,liberallunacy,12
gun,prohibited,12
gun,research,12
gun,still,12
gun,yet,12
guncontrolnow,gun,12
heartforty,gun,12
jareiw,gun,12
labeled,gun,12
mocowbell,gun,12
obama,gun,12
scientific,gun,12
sensible,gun,12
students,gun,12
bonndems,gun,11
bonndems,marchforourlives,11
falls,gun,11
falls,marchforourlives,11
gun,event,11
gun,ownership,11
idaho,gun,11
idaho,marchforourlives,11
ittakesus,marchforourlives,11
like,guns,11
marchforourlives,event,11
marchforourlives,saturday,11
ownership,marchforourlives,11
pushing,gun,11
pushing,marchforourlives,11
students,marchforourlives,11
gun,coleg,10
gun,come,10
gun,copolitics,10
gun,lives,10
gun,saturday,10
gun,saves,10
guncontrol,gunsense,10
know,guns,10
law,guns,10
marchforourlives,come,10
shot,gun,10
abiding,guns,9
antifa,guns,9
attack,guns,9
attackers,guns,9
better,guns,9
citizens,guns,9
glad,guns,9
hand,guns,9
idiots,guns,9
innocent,gun,9
mammalon,guns,9
restricting,gun,9
rights,gun,9
school,gun,9
control,gun,8
cpbacon,gun,8
gun,tcot,8
gun,uniteblue,8
gunsense,nra,8
kids,gun,8
school,marchforourlives,8
shooting,marchforourlives,8
america,marchforourlives,7
another,gunviolence,7
assured,nra,7
ends,marchforourlives,7
gun,commonsense,7
gun,shot,7
gun,stopped,7
gundense,nra,7
guns,guncontrol,7
gunsense,guns,7
guys,guns,7
hey,marchforourlives,7
instruction,nra,7
look,marchforourlives,7
marchforourlives,nrablo,7
marchforourlivesnyc,marchforourlives,7
meganranney,gunviolence,7
must,marchforourlives,7
mutually,nra,7
nra,armed,7
nra,ought,7
nra,ratcheting,7
nra,suggests,7
nra,teachers,7
nra,thus,7
brucebourgoine,nra,6
commonsense,gun,6
gun,guy,6
robmaness,marchforourlives,6
student,gunviolence,6
two,gun,6
win,gun,6
activism,gunviolence,5
bad,gun,5
bmckenzie,gun,5
criminals,gun,5
gun,bad,5
gun,grabbing,5
gun,guns,5
gun,helping,5
gun,leftists,5
gun,liberalfascism,5
gun,maga,5
gun,owner,5
gun,sjw,5
gun,stops,5
guns,guncontrolnow,5
guns,nra,5
gunsense,guncontrol,5
gunviolence,publichealth,5
health,gunviolence,5
hear,gun,5
listenwiselearn,gunviolence,5
marchforourlives,gunviolence,5
massron,gun,5
people,guns,5
resource,gunviolence,5
stops,gun,5
accounts,gunviolence,4
adjunctprofessr,guns,4
annoying,marchforourlives,4
apa,gunviolence,4
apapublicint,gunviolence,4
apapublicint,marchforourlives,4
approach,gunviolence,4
bad,guns,4
bigfatdave,guncontrol,4
caller,gunviolence,4
children,gunviolence,4
come,gun,4
criminals,guns,4
days,gunviolence,4
doctors,gunviolence,4
every,gun,4
gop,nra,4
gun,another,4
gun,churning,4
gun,democratshateamerica,4
gun,factory,4
gun,followgt,4
gun,howabout,4
gun,illegal,4
gun,makers,4
gun,stop,4
gun,us,4
guncontrol,another,4
guncontrol,compromise,4
guncontrol,cultists,4
guncontrol,gunviolence,4
guncontrol,idiocy,4
guncontrol,inch,4
guns,come,4
guns,indirectly,4
guns,lawabiding,4
guns,makers,4
guns,owners,4
guns,work,4
gunsense,marchforourlives,4
gunviolence,gunreform,4
gunviolence,guns,4
gunviolence,issue,4
gunviolence,npr,4
gunviolence,story,4
heartbreaking,gunviolence,4
htgt,guns,4
hundreds,gunviolence,4
indirectly,gun,4
injured,marchforourlives,4
ittakesus,gun,4
killed,marchforourlives,4
lawabiding,gun,4
maga,guns,4
make,gun,4
make,guns,4
maryland,gunviolence,4
mt,guns,4
nra,gun,4
nra,shooting,4
nratv,nra,4
nuts,gun,4
one,gun,4
past,gunviolence,4
people,marchforourlives,4
public,gunviolence,4
really,guns,4
robocalls,marchforourlives,4
rweingarten,gunviolence,4
shared,gunviolence,4
shooting,gunviolence,4
stop,guns,4
thefive,guns,4
trump,guns,4
try,guncontrol,4
tuesdaythoughts,marchforourlives,4
understand,guns,4
usmc,guns,4
wish,guns,4
would,guns,4
yes,marchforourlives,4
another,gun,3
approach,gun,3
approach,guns,3
buying,guns,3
calling,gunviolence,3
canada,gun,3
casskid,nra,3
cnn,nra,3
continue,gunviolence,3
daily,guns,3
enough,gunviolence,3
games,gunviolence,3
go,guncontrol,3
go,gunviolence,3
going,marchforourlives,3
good,guns,3
gun,could,3
gun,dead,3
gun,fight,3
gun,fir,3
gun,gunviolence,3
gun,opposite,3
gun,polar,3
gun,school,3
gun,shooter,3
gun,stopgunviolence,3
gun,zones,3
guncontrol,gop,3
guncontrol,liberals,3
guncontrol,nra,3
gunrights,guncontrol,3
gunrights,guns,3
gunrights,nra,3
guns,crimes,3
guns,fo,3
guns,gop,3
guns,gunviolence,3
guns,kill,3
guns,laws,3
guns,liberals,3
guns,secondamendment,3
guns,stop,3
guns,take,3
gunsense,gunviolence,3
gunviolence,approach,3
gunviolence,buying,3
gunviolence,daily,3
gunviolence,emergency,3
gunviolence,er,3
gunviolence,fo,3
gunviolence,gregory,3
gunviolence,like,3
gunviolence,lives,3
gunviolence,look,3
gunviolence,md,3
gunviolence,medicine,3
gunviolence,place,3
gunviolence,resident,3
gunviolence,rethinking,3
gunviolence,sharemylesson,3
gunviolence,shares,3
gunviolence,siegel,3
gunviolence,taking,3
gunviolence,today,3
gunviolence,toy,3
gunviolence,us,3
high,gun,3
izm,nra,3
kb,nra,3
kill,gun,3
legal,gun,3
like,gun,3
lives,guns,3
lose,gunviolence,3
march,gunviolence,3
marchforourlives,apa,3
marchforourlives,approach,3
marchforourlives,calling,3
marchforourlives,health,3
marchforourlives,join,3
marchforourlives,march,3
marchforourlives,public,3
member,nra,3
mrcolionnoir,nra,3
music,gunviolence,3
myasmom,gun,3
nra,gop,3
nra,liberals,3
nra,parkland,3
nra,tech,3
nra,virginia,3
nygovcuomo,nra,3
owners,gun,3
place,guns,3
rethinking,guns,3
rules,gun,3
saturday,gunviolence,3
school,gunviolence,3
secondamendment,guncontrol,3
secondamendment,nra,3
see,guncontrol,3
see,gunviolence,3
simple,guncontrol,3
simple,gunviolence,3
slaves,guncontrol,3
slaves,guns,3
slaves,nra,3
sparklesoup,guncontrol,3
sparklesoup,gunviolence,3
speakerryan,gunviolence,3
support,gunviolence,3
tabatha,nra,3
take,guns,3
taking,guns,3
toy,guns,3
tymenus,nra,3
uptick,gun,3
vote,gunsense,3
working,guncontrol,3
working,nra,3
ya,guncontrol,3
ya,gunviolence,3
action,gunviolence,2
adjunctprofessr,gunviolence,2
amazing,gunviolence,2
america,gun,2
apa,marchforourlives,2
apparently,guns,2
bitch,nra,2
blame,gunviolence,2
blaming,gunviolence,2
candidate,gunviolence,2
change,gunviolence,2
churning,guns,2
clear,gunviolence,2
cleflore,guncontrol,2
cleflore,guns,2
cleflore,nra,2
comprehensive,gunviolence,2
conditions,gunviolence,2
cwebbonline,nra,2
dallas,nra,2
damn,gunviolence,2
dangerous,gunviolence,2
day,guns,2
dloesch,nra,2
domesticviolence,gunviolence,2
due,gunviolence,2
emmagonzalez,gunviolence,2
episode,gunviolence,2
event,gunviolence,2
every,guns,2
eyesonmyworld,gunviolence,2
factory,guns,2
fight,gunviolence,2
find,marchforourlives,2
flip,gunviolence,2
floridatoday,guns,2
flstaterep,gunviolence,2
foundation,gunviolence,2
friend,gunviolence,2
ga,gunviolence,2
genesis,gunviolence,2
glad,gun,2
going,gunviolence,2
grandstand,guns,2
greatmillshighschool,gun,2
gun,aim,2
gun,al,2
gun,boycottthenra,2
gun,ceo,2
gun,challenge,2
gun,children,2
gun,clear,2
gun,coauthored,2
gun,columbus,2
gun,damn,2
gun,deadly,2
gun,defining,2
gun,emeritus,2
gun,emmagonzalez,2
gun,ending,2
gun,example,2
gun,except,2
gun,gave,2
gun,gop,2
gun,gunreform,2
gun,hands,2
gun,legal,2
gun,let,2
gun,madness,2
gun,masculinity,2
gun,md,2
gun,misogyny,2
gun,nogunsinschools,2
gun,nra,2
gun,nuts,2
gun,one,2
gun,passes,2
gun,pretty,2
gun,prevents,2
gun,proud,2
gun,right,2
gun,sponsored,2
gun,tha,2
gun,time,2
gun,today,2
gun,toxic,2
gun,true,2
gun,tuesday,2
gun,via,2
gun,violen,2
gun,would,2
gun,wrong,2
gun,youth,2
guncontrol,gunsensenow,2
guncontrolnow,gunviolence,2
guns,america,2
guns,constituents,2
guns,dave,2
guns,evidence,2
guns,expert,2
guns,find,2
guns,followgt,2
guns,good,2
guns,gunsensenow,2
guns,guys,2
guns,holistic,2
guns,howabout,2
guns,listen,2
guns,marchforourlives,2
guns,mean,2
guns,neveragain,2
guns,others,2
guns,responsible,2
guns,sciam,2
guns,shoo,2
guns,shooting,2
guns,shows,2
guns,solutions,2
guns,thought,2
guns,using,2
guns,via,2
guns,working,2
guns,would,2
gunsense,vote,2
gunviolence,climatechange,2
gunviolence,congressional,2
gunviolence,day,2
gunviolence,docs,2
gunviolence,free,2
gunviolence,gapol,2
gunviolence,gunreformnow,2
gunviolence,gunsen,2
gunviolence,healthcare,2
gunviolence,housing,2
gunviolence,immigration,2
gunviolence,informed,2
gunviolence,leadership,2
gunviolence,part,2
gunviolence,publictrans,2
gunviolence,push,2
gunviolence,real,2
gunviolence,research,2
gunviolence,scientificevidence,2
gunviolence,symptom,2
hands,gun,2
hands,guns,2
hboulware,gun,2
hear,guncontrol,2
hear,guns,2
hollywood,gunviolence,2
house,bucketofrocks,2
house,classroom,2
house,committee,2
house,debating,2
house,deterrent,2
house,education,2
house,seriously,2
house,using,2
htgt,gunviolence,2
idahoans,gun,2
idahoans,guns,2
idahoans,marchforourlives,2
illegal,guns,2
impacted,gunviolence,2
indivisiblberks,house,2
ittakesus,guns,2
javierfor,gunviolence,2
jennjacques,nra,2
jimcc,guns,2
jimcc,gunviolence,2
join,gunviolence,2
jointhenra,nra,2
joyannreid,nra,2
kaityyyyyyyyy,guns,2
keep,guns,2
kids,gunviolence,2
know,gunviolence,2
kristenweigle,gun,2
kristenweigle,guns,2
laws,marchforourlives,2
legal,guns,2
let,gunviolence,2
like,marchforourlives,2
link,gun,2
link,gunviolence,2
listen,gunviolence,2
maga,gunviolence,2
man,gun,2
marchforourlives,push,2
marchforourlives,real,2
marchforourlives,support,2
marchforourlives,survivors,2
masculinity,gunviolence,2
mean,gun,2
mean,marchforourlives,2
members,gunviolence,2
members,marchforourlives,2
misogyny,nra,2
morning,guncontrol,2
morning,guns,2
msnbc,nra,2
mt,gunviolence,2
national,guncontrol,2
national,guns,2
need,guns,2
need,gunviolence,2
needs,gun,2
never,nra,2
news,guncontrol,2
news,guns,2
npscoalition,gunviolence,2
nra,auto,2
nra,basically,2
nra,boycottthenra,2
nra,calls,2
nra,chilling,2
nra,dloesch,2
nra,evil,2
nra,gunviolence,2
nra,lawmakers,2
nra,member,2
nra,neveragain,2
nra,nogunsinschools,2
nra,nrast,2
nra,poetess,2
nra,rifle,2
nra,semi,2
nra,spin,2
nra,stayoutofdallas,2
nra,stopgunviolence,2
nra,survivor,2
nra,think,2
nra,used,2
official,nra,2
one,guns,2
one,gunviolence,2
one,vote,2
owner,guns,2
pa,house,2
passes,gun,2
passes,guns,2
pennmednews,gunviolence,2
people,guncontrol,2
phillyyc,gunviolence,2
phlmillennial,gunviolence,2
phlyouthtalks,gunviolence,2
plays,gunviolence,2
political,gunviolence,2
politicians,guns,2
politicians,nra,2
postponed,gunviolence,2
potentially,gunviolence,2
prayers,nra,2
praying,gunviolence,2
pretty,gunviolence,2
proud,gunviolence,2
rap,gunviolence,2
recurrent,gunviolence,2
reuters,nra,2
role,gunviolence,2
rush,guns,2
said,gun,2
saturday,marchforourlives,2
school,nra,2
seat,gunviolence,2
semgeek,nra,2
shallnotbeinfringed,nra,2
sponsored,nra,2
stand,gunviolence,2
stand,vote,2
still,gunviolence,2
stone,gunviolence,2
stop,guncontrol,2
stopped,gun,2
straw,gun,2
stricter,gun,2
student,gun,2
survivors,gunviolence,2
taken,gunviolence,2
thefive,gunviolence,2
thekingcenter,gunviolence,2
today,nra,2
toxic,gunviolence,2
trump,gunviolence,2
txlee,nra,2
undeniable,gunviolence,2
usalovegod,guncontrol,2
usalovegod,gunviolence,2
using,guns,2
usmc,gunviolence,2
victordzau,gun,2
video,gunviolence,2
violence,gunviolence,2
vote,leaders,2
vote,people,2
vote,represent,2
voting,gunviolence,2
want,guns,2
wants,guns,2
weather,gunviolence,2
well,nra,2
wendyweb,gun,2
without,gunviolence,2
wonderful,gunviolence,2
would,gun,2
yep,gun,2
yep,guns,2
yep,marchforourlives,2
yet,gunviolence,2
abandoned,gun,1
according,gun,1
action,gun,1
actually,nra,1
alexusmc,gun,1
alexusmc,guns,1
although,guns,1
amarch,gunviolence,1
amarch,nra,1
amazingdouglass,nra,1
amendment,gun,1
amendment,nra,1
america,guncontrol,1
amytidd,guns,1
another,nra,1
anyone,gun,1
apparently,gun,1
apparently,vote,1
appropriate,gun,1
appropriate,nra,1
arightside,gunviolence,1
armed,nra,1
arming,guncontrol,1
around,gunviolence,1
article,nra,1
asap,guns,1
aside,gun,1
away,gunviolence,1
awful,guns,1
awful,gunviolence,1
back,gunviolence,1
backed,nra,1
background,guncontrol,1
benshapiro,gun,1
benshapiro,guns,1
bigfatdave,gun,1
bigfatdave,vote,1
bill,vote,1
blacktwitter,gunviolence,1
blame,gun,1
blame,nra,1
bmarcois,guns,1
bonndems,guns,1
bought,gun,1
braindead,nra,1
brevard,gun,1
briefing,gun,1
campbell,vote,1
caprityper,nra,1
care,guns,1
case,gun,1
chadmac,guncontrol,1
chadmac,guns,1
chadmac,nra,1
challenge,gunviolence,1
change,gun,1
chapter,gunviolence,1
checks,guncontrol,1
cheeseheadlucy,nra,1
cherylclarkin,nra,1
children,gun,1
children,nra,1
civilian,guns,1
clear,guns,1
cnn,gun,1
cnn,guns,1
colors,nra,1
colt,guns,1
come,guncontrol,1
common,nra,1
comparable,gun,1
comprehensive,gun,1
confront,gunviolence,1
congratulations,nra,1
consmover,guncontrol,1
convention,nra,1
could,guns,1
cpbacon,nra,1
cracks,gun,1
crime,guncontrol,1
crowd,nra,1
cultists,vote,1
curb,gun,1
dandautoplus,nra,1
dannykaplowitz,gun,1
darlenehbrook,gun,1
david,nra,1
davidhogg,gun,1
day,gunviolence,1
day,nra,1
dbongino,gun,1
dbongino,gunviolence,1
dead,gun,1
dead,gunviolence,1
death,gun,1
demand,guncontrol,1
democrat,nra,1
designed,gun,1
dialogue,gunviolence,1
dies,gunviolence,1
discuss,gun,1
dloesch,gun,1
dloesch,gunviolence,1
douglass,nra,1
drachman,nra,1
drinking,gun,1
drinking,nra,1
dying,gunviolence,1
early,guns,1
early,nra,1
east,gun,1
ecassityhales,guns,1
edinboro,gunviolence,1
elsewhere,nra,1
emma,gun,1
emma,nra,1
end,gunviolence,1
end,marchforourlives,1
enforcement,guns,1
enoughisenough,marchforourlives,1
ep,gunviolence,1
even,vote,1
event,marchforourlives,1
events,gunviolence,1
every,gunviolence,1
every,nra,1
everyone,gun,1
everyone,nra,1
everytown,gun,1
everytown,guns,1
everytownco,nra,1
evil,gun,1
exactly,nra,1
exchange,gunviolence,1
fact,gun,1
fact,guns,1
facts,guns,1
failed,guncontrol,1
family,gunviolence,1
feds,guncontrol,1
feds,guns,1
fhughbanks,nra,1
fight,gun,1
fine,guns,1
first,guns,1
fixing,gun,1
follow,gun,1
follow,nra,1
foxnews,gun,1
frederick,nra,1
ft,gunviolence,1
going,guns,1
gonzalez,nra,1
good,guncontrol,1
gop,gunviolence,1
got,gunviolence,1
great,gun,1
greatmills,nra,1
greened,gun,1
gt,guncontrol,1
gun,abiding,1
gun,according,1
gun,affect,1
gun,ago,1
gun,appreciate,1
gun,bigger,1
gun,burglaries,1
gun,cart,1
gun,cartridges,1
gun,change,1
gun,channels,1
gun,comparable,1
gun,consensus,1
gun,credit,1
gun,crimes,1
gun,crotonharmon,1
gun,cuz,1
gun,davidhogg,1
gun,days,1
gun,distinctio,1
gun,domesticvio,1
gun,emma,1
gun,fact,1
gun,factsmatter,1
gun,federal,1
gun,first,1
gun,give,1
gun,good,1
gun,grabber,1
gun,guncontrolgunsense,1
gun,guncontrolnever,1
gun,guncontrolnow,1
gun,hool,1
gun,idots,1
gun,injured,1
gun,innocent,1
gun,keep,1
gun,kids,1
gun,kill,1
gun,killed,1
gun,killthenra,1
gun,law,1
gun,le,1
gun,leaders,1
gun,liberalfa,1
gun,longer,1
gun,lordmizen,1
gun,manufact,1
gun,many,1
gun,maryland,1
gun,mass,1
gun,massachusetts,1
gun,mom,1
gun,movement,1
gun,msnbc,1
gun,msoskil,1
gun,nations,1
gun,neveragain,1
gun,nogunsins,1
gun,nuisances,1
gun,opposed,1
gun,others,1
gun,proac,1
gun,problem,1
gun,push,1
gun,ready,1
gun,realists,1
gun,reform,1
gun,related,1
gun,restrict,1
gun,restricting,1
gun,rules,1
gun,satur,1
gun,schools,1
gun,secondamendment,1
gun,selfcontained,1
gun,shoot,1
gun,simple,1
gun,solved,1
gun,spewing,1
gun,state,1
gun,stupid,1
gun,text,1
gun,thelopezeffect,1
gun,threat,1
gun,tolerate,1
gun,tragedy,1
gun,view,1
gun,violated,1
gun,walkout,1
gun,wonder,1
guncontrol,adefenders,1
guncontrol,boy,1
guncontrol,concealedcarry,1
guncontrol,go,1
guncontrol,intentio,1
guncontrol,maga,1
guncontrol,may,1
guncontrol,must,1
guncontrol,school,1
guncontrol,schutzhund,1
guncontrol,shooting,1
guncontrol,today,1
gunned,gunviolence,1
gunned,nra,1
guns,background,1
guns,began,1
guns,br,1
guns,brat,1
guns,bread,1
guns,checks,1
guns,common,1
guns,commonsense,1
guns,comparable,1
guns,control,1
guns,could,1
guns,everyone,1
guns,factsmatter,1
guns,failed,1
guns,florid,1
guns,focuses,1
guns,going,1
guns,gone,1
guns,great,1
guns,guncontrolnever,1
guns,high,1
guns,id,1
guns,idots,1
guns,involved,1
guns,life,1
guns,maga,1
guns,mills,1
guns,molonlabe,1
guns,morningjoe,1
guns,move,1
guns,nation,1
guns,nations,1
guns,need,1
guns,needs,1
guns,nonsense,1
guns,nytimes,1
guns,panera,1
guns,people,1
guns,princeton,1
guns,problem,1
guns,public,1
guns,publichealth,1
guns,pulse,1
guns,read,1
guns,reform,1
guns,related,1
guns,research,1
guns,right,1
guns,says,1
guns,school,1
guns,sense,1
guns,society,1
guns,solved,1
guns,step,1
guns,stricter,1
guns,thinks,1
guns,threaten,1
guns,try,1
guns,university,1
guns,violen,1
guns,way,1
guns,writer,1
gunsenseguncontrol,vote,1
gunviolence,advocacy,1
gunviolence,america,1
gunviolence,anthonyvclark,1
gunviolence,began,1
gunviolence,bk,1
gunviolence,candidate,1
gunviolence,cannabis,1
gunviolence,children,1
gunviolence,civilian,1
gunviolence,crept,1
gunviolence,criminal,1
gunviolence,crisis,1
gunviolence,decrease,1
gunviolence,domesticvio,1
gunviolence,effective,1
gunviolence,every,1
gunviolence,everyone,1
gunviolence,fin,1
gunviolence,forum,1
gunviolence,fucking,1
gunviolence,great,1
gunviolence,grow,1
gunviolence,happens,1
gunviolence,head,1
gunviolence,high,1
gunviolence,illustrates,1
gunviolence,incarceration,1
gunviolence,inform,1
gunviolence,innocent,1
gunviolence,intended,1
gunviolence,interventions,1
gunviolence,killing,1
gunviolence,legalization,1
gunviolence,life,1
gunviolence,long,1
gunviolence,mass,1
gunviolence,mentoring,1
gunviolence,mills,1
gunviolence,nation,1
gunviolence,nationalwalkoutday,1
gunviolence,near,1
gunviolence,neigh,1
gunviolence,news,1
gunviolence,nonramoney,1
gunviolence,podcasts,1
gunviolence,policies,1
gunviolence,ps,1
gunviolence,pushes,1
gunviolence,retweet,1
gunviolence,school,1
gunviolence,schoolshooting,1
gunviolence,single,1
gunviolence,spin,1
gunviolence,still,1
gunviolence,stopped,1
gunviolence,student,1
gunviolence,support,1
gunviolence,thank,1
gunviolence,traumatizes,1
gunviolence,washingtonpost,1
gunviolence,westandtogether,1
gunviolence,worship,1
gunviolence,ye,1
gunviolence,yet,1
guypbenson,gunviolence,1
hand,gunviolence,1
handle,gunviolence,1
heart,gunviolence,1
high,gunviolence,1
hmmm,gun,1
hogg,nra,1
hoodgeniusespod,gunviolence,1
hours,gunviolence,1
house,branch,1
house,executive,1
house,fall,1
house,senate,1
il,gunviolence,1
inconvenient,gun,1
inconvenient,guns,1
indivisible,gunviolence,1
indivisible,vote,1
indivs,gun,1
injured,gun,1
injured,gunviolence,1
innocent,guncontrol,1
innocent,gunviolence,1
interesting,nra,1
involved,gun,1
iom,gunviolence,1
issue,guncontrol,1
issue,guns,1
jcook,gun,1
joelrinaldi,nra,1
joerogan,nra,1
joeroganexp,nra,1
join,gun,1
join,marchforourlives,1
know,gun,1
lansing,gun,1
last,gun,1
latest,gunviolence,1
laws,gun,1
leaves,gun,1
leaves,gunviolence,1
let,gun,1
letsgetupsidedn,guns,1
levysheila,gunviolence,1
liars,nra,1
liberals,guncontrol,1
life,guncontrol,1
life,guns,1
like,gunviolence,1
listennow,gunviolence,1
little,nra,1
lives,guncontrol,1
lives,gunviolence,1
lives,marchforourlives,1
lock,guns,1
longer,gun,1
looking,guns,1
looks,gun,1
lot,guns,1
lot,gunviolence,1
lots,gun,1
make,gunviolence,1
man,gunviolence,1
manicorganica,nra,1
maninblack,gun,1
marchforourlives,childrenunderattack,1
marchforourlives,continu,1
marchforourlives,end,1
marchforourlives,enough,1
marchforourlives,guncontrolnow,1
marchforourlives,satur,1
marcorubio,gunviolence,1
maryland,gun,1
maryland,nra,1
mas,nra,1
meeting,gun,1
member,gun,1
members,gun,1
mental,gunviolence,1
mentioning,gunviolence,1
mentoring,gunviolence,1
militia,gun,1
militia,nra,1
mills,gun,1
misendems,gun,1
missed,gunviolence,1
momsdemand,marchforourlives,1
momsdemandaction,gun,1
month,gunviolence,1
motherseer,gun,1
motherseer,gunviolence,1
movies,gunviolence,1
msnbc,republicans,1
msnnekaonianwa,gunviolence,1
must,gunviolence,1
nations,gun,1
near,guns,1
near,marchforourlives,1
need,gun,1
neil,nra,1
never,guns,1
never,gunviolence,1
never,vote,1
neveragain,gun,1
neveragain,gunviolence,1
new,gun,1
nikidyer,gun,1
notonemore,gunviolence,1
npr,guns,1
nra,ad,1
nra,amazon,1
nra,america,1
nra,assault,1
nra,band,1
nra,believe,1
nra,bitches,1
nra,blamed,1
nra,bless,1
nra,bullshit,1
nra,capacity,1
nra,children,1
nra,cno,1
nra,common,1
nra,convention,1
nra,corrupt,1
nra,could,1
nra,dead,1
nra,deaththreats,1
nra,defenseless,1
nra,democrats,1
nra,difficult,1
nra,disappointed,1
nra,door,1
nra,elsewhere,1
nra,enough,1
nra,every,1
nra,except,1
nra,fedex,1
nra,fighting,1
nra,first,1
nra,friends,1
nra,gett,1
nra,goa,1
nra,good,1
nra,gopterrorism,1
nra,goptreason,1
nra,guncontrol,1
nra,gunreformnow,1
nra,guns,1
nra,guy,1
nra,hard,1
nra,heart,1
nra,high,1
nra,idots,1
nra,involved,1
nra,knocks,1
nra,known,1
nra,lady,1
nra,leadership,1
nra,liberalfascism,1
nra,life,1
nra,like,1
nra,lives,1
nra,manufact,1
nra,many,1
nra,maryland,1
nra,mass,1
nra,members,1
nra,money,1
nra,must,1
nra,name,1
nra,nonsense,1
nra,notonemore,1
nra,nrarussia,1
nra,officer,1
nra,one,1
nra,people,1
nra,personalities,1
nra,plan,1
nra,pp,1
nra,problem,1
nra,qualify,1
nra,question,1
nra,received,1
nra,resource,1
nra,rounds,1
nra,rubber,1
nra,russia,1
nra,school,1
nra,schools,1
nra,see,1
nra,sense,1
nra,shot,1
nra,solved,1
nra,somehow,1
nra,spokesperson,1
nra,sponsors,1
nra,stephenwille,1
nra,still,1
nra,sutherlandsprings,1
nra,take,1
nra,tcot,1
nra,texas,1
nra,tha,1
nra,threateni,1
nra,threatening,1
nra,throwthemout,1
nra,try,1
nra,uniteblue,1
nra,usatoday,1
nra,using,1
nra,via,1
nra,victims,1
nra,violence,1
nra,way,1
nra,weapon,1
nra,well,1
nra,wonder,1
nra,working,1
nra,would,1
nra,wtf,1
nyagv,nra,1
nytimes,gunviolence,1
officer,gun,1
officer,gunviolence,1
one,nra,1
orders,guncontrol,1
orders,guns,1
organized,gun,1
others,gunviolence,1
ourlives,gunviolence,1
ourlives,nra,1
page,nra,1
parents,guns,1
parklandshooting,nra,1
parroting,nra,1
part,gunviolence,1
past,marchforourlives,1
people,house,1
pinkslips,guncontrol,1
pinkslips,guns,1
pistol,gun,1
please,guns,1
pledge,nra,1
pledge,vote,1
point,nra,1
policylabchop,gunviolence,1
politics,gun,1
powerful,gun,1
ppl,gunviolence,1
prayers,guncontrol,1
prayers,guns,1
presented,guns,1
presenter,guns,1
pretty,nra,1
prevent,gun,1
problem,gunviolence,1
proposal,gun,1
protest,gun,1
proves,guns,1
proves,nra,1
public,gun,1
push,gun,1
put,gun,1
quote,gunviolence,1
r,nra,1
rawstory,gun,1
read,gun,1
read,nra,1
real,nra,1
realdonaldtrump,nra,1
realistic,gunviolence,1
reals,gun,1
reals,guns,1
recent,gunviolence,1
reduction,gun,1
reform,gun,1
register,marchforourlives,1
regulated,gun,1
regulated,nra,1
regulation,guns,1
remember,gunviolence,1
reminds,gunviolence,1
report,gunviolence,1
republicans,believe,1
republicans,blamed,1
republicans,democrats,1
republicans,every,1
republicans,nra,1
republicans,pp,1
republicans,school,1
republicans,shooting,1
republicansponsored,nra,1
researchers,gun,1
resistasista,gun,1
resistasista,nra,1
resource,gun,1
rest,nra,1
rich,vote,1
right,guncontrol,1
right,nra,1
rpm,guns,1
russiafunded,nra,1
sadly,gunviolence,1
said,guns,1
said,nra,1
saturated,gun,1
saturated,guns,1
save,guncontrol,1
saw,nra,1
say,nra,1
says,gun,1
says,nra,1
scary,guns,1
scenario,guns,1
schools,gun,1
schoolshooting,gun,1
schoolshooting,gunviolence,1
schotts,nra,1
scripture,gunviolence,1
second,gun,1
second,nra,1
seen,gunviolence,1
seize,guncontrol,1
seize,guns,1
selectttt,gun,1
senatemajldr,gunviolence,1
senatemajldr,nra,1
sending,nra,1
senfeinstein,house,1
sense,nra,1
seriously,gunviolence,1
shoot,guncontrol,1
shooter,gun,1
shooter,gunviolence,1
shooting,gun,1
shooting,nra,1
shot,guns,1
showing,nra,1
significant,gun,1
since,gunviolence,1
skgeducator,gunviolence,1
slain,gunviolence,1
slaughtered,gunviolence,1
slaughtered,nra,1
something,gunviolence,1
something,nra,1
sorry,guncontrol,1
spin,gunviolence,1
spokesperson,gun,1
sro,gun,1
st,vote,1
staff,nra,1
still,guns,1
stop,gunviolence,1
stop,nra,1
support,marchforourlives,1
supporter,nra,1
sure,gun,1
sure,gunviolence,1
survivors,nra,1
take,gun,1
take,gunviolence,1
take,house,1
take,nra,1
takes,gun,1
talk,gun,1
talk,guns,1
talk,nra,1
talks,guncontrol,1
tcpalm,vote,1
teachers,guncontrol,1
teedwrightoff,nra,1
terrorism,nra,1
thanks,gun,1
thanks,nra,1
think,gunviolence,1
thinks,gun,1
thoughts,gun,1
thoughts,nra,1
threaten,guns,1
thymes,gun,1
thymes,guns,1
thymes,nra,1
time,gun,1
time,gunviolence,1
time,marchforourlives,1
time,nra,1
timkaine,gun,1
timkaine,guns,1
tn,marchforourlives,1
today,gunviolence,1
today,marchforourlives,1
tolerate,gun,1
tomwymer,gun,1
tomwymer,guns,1
ton,gun,1
traumatizes,guns,1
try,gunviolence,1
two,gunviolence,1
typical,nra,1
um,gun,1
unbelievable,gunviolence,1
ups,gun,1
us,guncontrol,1
us,guns,1
us,gunviolence,1
usatoday,nra,1
using,gun,1
via,gunviolence,1
via,nra,1
victims,gun,1
victims,gunviolence,1
vote,colors,1
vote,democrat,1
vote,end,1
vote,even,1
vote,guncontrolnow,1
vote,nonramoney,1
vote,nra,1
vote,poll,1
vote,real,1
vote,registertovote,1
vote,showing,1
vote,violence,1
vote,votes,1
voter,nra,1
wafflewedgie,nra,1
wake,gun,1
walkout,gunviolence,1
walkouts,gun,1
way,guncontrol,1
way,marchforourlives,1
web,nra,1
week,gun,1
weeks,gunviolence,1
well,gun,1
well,marchforourlives,1
wguns,guncontrol,1
whilsttweet,nra,1
wild,guns,1
women,gunviolence,1
words,gun,1
working,guns,1
worship,guns,1
would,nra,1
wounded,gunviolence,1
wow,gun,1
wow,gunviolence,1
wrong,gunviolence,1
yearold,gunviolence,1
years,gunviolence,1
yes,guncontrol,1
yet,guns,1
yet,nra,1
yo,gun,1
young,gunviolence,1
youth,gunviolence,1
youtube,gun,1
zero,gun,1
